<?xml version="1.0" encoding="UTF-8"?>
<Configuration>
	<Properties>
		<Property name="basePath">D:/projFile/EclipseSPACE/eclipse45w0/mountain/docs/Logs</Property>
		<Property name="logType">watcher</Property>
	</Properties>
	<ThresholdFilter level="debug" />
    <Appenders>
        <Console name="console" target="SYSTEM_OUT">
            <PatternLayout header="${java:locale}" pattern="%d{mm:ss.SSS}__%-5p %msg __%c{1}.%M(%L)%n" />
        </Console>
        <Console name="console-spring.beans" target="SYSTEM_OUT">
            <!-- PatternLayout pattern="%-5p [%c{.}.%M(%L)] %m -[%c][%d{mm:ss}] %n" /-->
            <PatternLayout header="${java:locale}" pattern="%d{mm:ss.SSS}__%-5p %msg __%c{1}.%M(%L)%n" />
        </Console>
        <Console name="console-short" target="SYSTEM_OUT">
            <PatternLayout header="${java:locale}" pattern="%d{mm:ss.SSS}__%-5p %msg%n" />
        </Console>
        <!-- 
		<Routing name="RouteToRolling1">
			<Routes pattern="$${sd:logType}">
				<Route>
				 -->
					<RollingFile name="RouteToRolling1" 
								fileName="${basePath}/app-${date:yyyyMMddE-HHmma}.log"
								filePattern="${basePath}/$${date:yyyyMM}/app-%d{yyyyMMddE-HHa}.log.%i.gz">
						<PatternLayout>
							<pattern>%d{MMddE aHH:mm:ss.SSS}__[%c]__%c{1} (%L)__%M()__%-5p__%msg%n</pattern>
						</PatternLayout>
						<SizeBasedTriggeringPolicy size="10MB" />
					</RollingFile>
				<!-- 
				</Route>
				<Route ref="console" key="Audit"/>
				<Route ref="console-spring.beans" key="Audit"/>
			</Routes>
		</Routing>
		 -->
    </Appenders>
    <Loggers>
        <Logger name="java.sql" level="INFO" additivity="false">
            <AppenderRef ref="console" />
            <AppenderRef ref="RouteToRolling1" />
        </Logger>
        <Logger name="mountain" level="DEBUG" additivity="false">
            <AppenderRef ref="console" />
            <AppenderRef ref="RouteToRolling1" />
        </Logger>
        <Logger name="jdbc.resultset" level="WARN" additivity="false">
            <AppenderRef ref="console" />
            <AppenderRef ref="RouteToRolling1" />
        </Logger>
        <Logger name="egovframework" level="DEBUG" additivity="false">
            <AppenderRef ref="console" />
            <AppenderRef ref="RouteToRolling1" />
        </Logger>
          <!-- log SQL with timing information, post execution -->
        <Logger name="jdbc.sqltiming" level="WARN" additivity="false">
            <AppenderRef ref="console" />
            <AppenderRef ref="RouteToRolling1" />
        </Logger>
        <Logger name="org.springframework" level="DEBUG" additivity="false">
            <AppenderRef ref="console" />
            <AppenderRef ref="RouteToRolling1" />
        </Logger>
        <Logger name="org.springframework.beans" level="TRACE" additivity="false">
            <AppenderRef ref="console-spring.beans" />
            <AppenderRef ref="RouteToRolling1" />
        </Logger>
        <Root level="INFO">
            <AppenderRef ref="console" />
            <AppenderRef ref="RouteToRolling1" />
        </Root>
    </Loggers>
</Configuration>
