<?xml version="1.0" encoding="UTF-8"?>
<beans xmlns="http://www.springframework.org/schema/beans" xmlns:xsi="http://www.w3.org/2001/XMLSchema-instance"
	xmlns:context="http://www.springframework.org/schema/context"
	xsi:schemaLocation="http://www.springframework.org/schema/beans http://www.springframework.org/schema/beans/spring-beans-4.0.xsd
        http://www.springframework.org/schema/context http://www.springframework.org/schema/context/spring-context-4.0.xsd">

    <context:component-scan base-package=".">
       <context:exclude-filter type="annotation" expression="org.springframework.stereotype.Controller" />
    </context:component-scan>

    <!-- 메시지소스빈 설정 -->
    <bean id="mountainMessageSource" class="mountain.com.cmm.HumbleMessageSource">
        <property name="reloadableResourceBundleMessageSource">
            <ref bean="messageSource" />
        </property> 
    </bean>
    
    <!-- 프로퍼티 파일 위치 설정 -->
	<bean id="messageSource" class="org.springframework.context.support.ReloadableResourceBundleMessageSource">
		<property name="basenames">
			<list>
				<value>classpath:/samples/message/message-common</value>
				<value>classpath:/cmmn/idgnr/messages/idgnr</value>
				<value>classpath:/cmmn/property/messages/property</value>
			</list>
		</property>
		<property name="cacheSeconds">
			<value>60</value>
		</property>
	</bean>
	
	<bean id="leaveaTrace" class="cmmn.trace.LeaveaTrace">
	<!-- bean id="leaveaTrace" class="egovframework.rte.fdl.cmmn.trace.LeaveaTrace" -->
		<property name="traceHandlerServices">
			<list>
				<ref bean="traceHandlerService" />
			</list>
		</property>
	</bean>

	<bean id="traceHandlerService" class="cmmn.trace.manager.DefaultTraceHandleManager">
		<property name="reqExpMatcher">
			<ref bean="antPathMatcher" />
		</property>
		<property name="patterns">
			<list>
				<value>*</value>
			</list>
		</property>
		<property name="handlers">
			<list>
				<ref bean="defaultTraceHandler" />
			</list>
		</property>
	</bean>
	
	<bean id="antPathMatcher" class="org.springframework.util.AntPathMatcher" />
	<bean id="defaultTraceHandler" class="cmmn.trace.handler.DefaultTraceHandler" />

    <!-- MULTIPART RESOLVERS -->
    <!-- regular spring resolver -->    
    <bean id="spring.RegularCommonsMultipartResolver" class="org.springframework.web.multipart.commons.CommonsMultipartResolver">
        <property name="maxUploadSize" value="100000000" />
        <property name="maxInMemorySize" value="100000000" />
    </bean>
    <!-- custom multi file resolver -->    
    <bean id="local.MultiCommonsMultipartResolver" class="mountain.com.cmm.web.EgovMultipartResolver">
        <property name="maxUploadSize" value="100000000" />
        <property name="maxInMemorySize" value="100000000" />
    </bean>
    <!-- choose one from above and alias it to the name Spring expects -->
    <!-- 
    <alias name="local.MultiCommonsMultipartResolver" alias="multipartResolver" />
    -->
    <alias name="spring.RegularCommonsMultipartResolver" alias="multipartResolver" />

</beans>
