<?xml version="1.0" encoding="UTF-8"?>
<beans xmlns="http://www.springframework.org/schema/beans" 
	xmlns:xsi="http://www.w3.org/2001/XMLSchema-instance"
	xmlns:aop="http://www.springframework.org/schema/aop"
	xsi:schemaLocation="http://www.springframework.org/schema/beans http://www.springframework.org/schema/beans/spring-beans-4.0.xsd
        http://www.springframework.org/schema/aop http://www.springframework.org/schema/aop/spring-aop-4.0.xsd">
	<aop:aspectj-autoproxy />
	<aop:config>
		<aop:pointcut id="rangeServiceMthd" expression="execution(* sample..service.*Impl.*(..))" />
		<aop:aspect id="aspectOccuredException" ref="adviceExceptionTransfer">
			<aop:after-throwing throwing="exception" pointcut-ref="rangeServiceMthd" method="transfer" />
		</aop:aspect>
		<aop:aspect id="aspectChecksSession" ref="adviceSessionTransfer">
			<aop:pointcut id="rangeMntrMthd" 
				expression="execution(public * supporters.._Mntr*.prints*(..))" />
			<aop:before pointcut-ref="rangeMntrMthd" method="transfer" />
		</aop:aspect>
	</aop:config>
	<!-- 
		Join Points and Pointcuts (Chapter 2. The AspectJ Language)
		https://www.eclipse.org/aspectj/doc/next/progguide/language-joinPoints.html
	-->
	<bean id="adviceSessionTransfer" class="supporters.prxy.SessionTransferAdvice" />
	
	<bean id="adviceExceptionTransfer" class="cmmn.aspect.ExceptionTransferAdvice">
		<property name="exceptionHandlerService">
			<list>
				<ref bean="defaultExceptionHandleManager" />
				<ref bean="otherExceptionHandleManager" />
			</list>
		</property>
	</bean>

	<bean id="defaultExceptionHandleManager" class="cmmn.exception.manager.DefaultExceptionHandleManager">
		<property name="reqExpMatcher">
			<ref bean="antPathMatcher"/>
		</property>
		<property name="patterns">
			<list>
				<value>**service.*</value>
			</list>
		</property>
		<property name="handlers">
			<list>
				<ref bean="sampHandler" />
			</list>
		</property>
	</bean>

	<bean id="otherExceptionHandleManager" class="cmmn.exception.manager.DefaultExceptionHandleManager">
		<property name="reqExpMatcher">
			<ref bean="antPathMatcher"/>
		</property>
		<property name="patterns">
			<list>
				<value>**service.*</value>
			</list>
		</property>
		<property name="handlers">
			<list>
				<ref bean="otherHandler" />
			</list>
		</property>
	</bean>

	<bean id="sampHandler" class="sample.cmmn.SampleExcepHndlr" />
	<bean id="otherHandler" class="sample.cmmn.SampleOthersExcepHndlr" />	
	
</beans>