<?xml version="1.0" encoding="UTF-8"?>
<beans xmlns="http://www.springframework.org/schema/beans" xmlns:xsi="http://www.w3.org/2001/XMLSchema-instance"
	xsi:schemaLocation="http://www.springframework.org/schema/beans http://www.springframework.org/schema/beans/spring-beans-4.0.xsd">
	
	<!-- property configuration -->
	<bean name="propertiesService" class="cmmn.property.impl.PropertyServiceImpl" destroy-method="destroy">
		<property name="properties">
	        <map>
	        	<entry key="pageUnit" value="10"/>
	        	<entry key="pageSize" value="10"/>
	        </map>
		</property>
	</bean>
	<!-- 
    <bean name="propertiesService" class="egovframework.rte.fdl.property.impl.EgovPropertyServiceImpl" destroy-method="destroy">
        <property name="properties">
            <map>
                <entry key="pageUnit" value="10"/>
                <entry key="pageSize" value="10"/>
                <entry key="posblAtchFileSize" value="5242880"/>
                <entry key="Globals.fileStorePath" value="/user/file/sht/"/>
                <entry key="Globals.addedOptions" value="false"/>
            </map>
        </property>
    </bean>
    -->
</beans>	
