<?xml version="1.0" encoding="UTF-8"?>
<!DOCTYPE form-validation PUBLIC 
    "-//Apache Software Foundation//DTD Commons Validator Rules Configuration 1.1//EN" 
    "http://jakarta.apache.org/commons/dtds/validator_1_1.dtd">

<form-validation>

    <formset>
    	<!-- 
    		exception: 
    		because of the same form name="loginPolicy" in 
    			org.apache.commons.validator.FormSet.addForm(Form) line: 261
    		
    			classpath: mountain/validator/let/uat/uap/EgovLoginPolicy.xml
    			classpath: mountain/validator/let/uat/uia/EgovLoginPolicy.xml 
    	 -->
        <form name="loginPolicy">
            <field property="ipInfo" depends="required, maxlength">
                <arg0 key="IP정보" resource="false"/>   
                <arg1 key="23" resource="false"/>
                <var>
                <var-name>maxlength</var-name>
                <var-value>23</var-value>
                </var>                     
            </field>
            <field property="lmttAt" depends="required">
                <arg0 key="IP제한여부" resource="false"/>
            </field>           
        </form>
    </formset>

</form-validation>