<?xml version="1.0" encoding="UTF-8"?>
<!DOCTYPE sqlMap PUBLIC "-//iBATIS.com//DTD SQL Map 2.0//EN" "http://www.ibatis.com/dtd/sql-map-2.dtd">

<sqlMap namespace="TemplateMng">

	<typeAlias  alias="mountainMap" type="cmmn.dataaccess.util.MyMap"/>
	<typeAlias  alias="TemplateInf" type="mountain.let.cop.com.service.TemplateInf"/>
	<typeAlias  alias="TemplateInfVO" type="mountain.let.cop.com.service.TemplateInfVO"/>

	<resultMap id="tmplatList" class="mountain.let.cop.com.service.TemplateInfVO">
		<result property="tmplatId" column="TMPLAT_ID" columnIndex="1"/>
		<result property="tmplatNm" column="TMPLAT_NM" columnIndex="2"/>
		<result property="tmplatSeCode" column="TMPLAT_SE_CODE" columnIndex="3"/>
		<result property="tmplatSeCodeNm" column="TMPLAT_SE_CODE_NM" columnIndex="4"/>
		<result property="tmplatCours" column="TMPLAT_COURS" columnIndex="5"/>
		<result property="useAt" column="USE_AT" columnIndex="6"/>
		<result property="frstRegisterPnttm" column="FRST_REGIST_PNTTM" columnIndex="7"/>
	</resultMap>

	<resultMap id="tmplatDetail" class="mountain.let.cop.com.service.TemplateInfVO">
		<result property="tmplatId" column="TMPLAT_ID" columnIndex="1"/>
		<result property="tmplatNm" column="TMPLAT_NM" columnIndex="2"/>
		<result property="tmplatSeCode" column="TMPLAT_SE_CODE" columnIndex="3"/>
		<result property="tmplatSeCodeNm" column="TMPLAT_SE_CODE_NM" columnIndex="4"/>
		<result property="tmplatCours" column="TMPLAT_COURS" columnIndex="5"/>
		<result property="useAt" column="USE_AT" columnIndex="6"/>
		<result property="frstRegisterId" column="FRST_REGISTER_ID" columnIndex="7"/>
		<result property="frstRegisterNm" column="FRST_REGISTER_NM" columnIndex="8"/>
		<result property="frstRegisterPnttm" column="FRST_REGIST_PNTTM" columnIndex="9"/>
		<result property="lastUpdusrId" column="LAST_UPDUSR_ID" columnIndex="10"/>
		<result property="lastUpdusrNm" column="LAST_UPDUSR_NM" columnIndex="11"/>
		<result property="lastUpdusrPnttm" column="LAST_UPDT_PNTTM" columnIndex="12"/>
	</resultMap>



	<insert id="TemplateManageDAO.insertTemplateInf" parameterClass="TemplateInf" >
		<![CDATA[
			INSERT INTO LETTNTMPLATINFO
			(TMPLAT_ID, TMPLAT_NM, TMPLAT_SE_CODE, TMPLAT_COURS, 
			 USE_AT, FRST_REGISTER_ID, FRST_REGIST_PNTTM )
			VALUES
			( #tmplatId#, #tmplatNm#, #tmplatSeCode#, #tmplatCours#, 
			  #useAt#, #frstRegisterId#, SYSDATE()  
			 )			
		]]>
	</insert>
	
	<select id="TemplateManageDAO.selectTemplateInfs" parameterClass="TemplateInfVO" resultMap="tmplatList" >
		<![CDATA[
			SELECT 
                a.TMPLAT_ID, a.TMPLAT_NM, a.TMPLAT_SE_CODE, a.TMPLAT_COURS, a.USE_AT,
                a.FRST_REGISTER_ID, a.FRST_REGIST_PNTTM,
                b.USER_NM AS FRST_REGISTER_NM, c.CODE_NM AS TMPLAT_SE_CODE_NM
            FROM
                LETTNTMPLATINFO a
            LEFT OUTER JOIN COMVNUSERMASTER b
                ON a.FRST_REGISTER_ID = b.ESNTL_ID
            LEFT OUTER JOIN LETTCCMMNDETAILCODE c
                ON a.TMPLAT_SE_CODE = c.CODE
            WHERE 
                c.CODE_ID = 'COM005'
		]]>
			<isNotEmpty property="typeFlag">
				AND a.TMPLAT_SE_CODE = #tmplatSeCode#
			</isNotEmpty>			
			<isEqual prepend="AND" property="searchCnd" compareValue="0">
				<![CDATA[	a.TMPLAT_NM LIKE CONCAT ('%', #searchWrd#,'%') 		]]>
			</isEqual>
			<isEqual prepend="AND" property="searchCnd" compareValue="1">
				<![CDATA[	c.CODE_NM LIKE CONCAT ('%', #searchWrd#,'%') 		]]>
			</isEqual>	
		<![CDATA[			
			ORDER BY a.FRST_REGIST_PNTTM DESC 
			LIMIT #recordCountPerPage# OFFSET #firstIndex#
		]]>
	</select>	
	
	<select id="TemplateManageDAO.selectTemplateInfsCnt" parameterClass="TemplateInfVO" resultClass="java.lang.Integer" >
		<![CDATA[
			SELECT 
				COUNT(a.TMPLAT_ID)
			FROM
				LETTNTMPLATINFO a
			LEFT OUTER JOIN COMVNUSERMASTER b
				ON a.FRST_REGISTER_ID = b.ESNTL_ID
			LEFT OUTER JOIN LETTCCMMNDETAILCODE c
				ON a.TMPLAT_SE_CODE = c.CODE
			WHERE 
				c.CODE_ID = 'COM005'
		]]>
			<isNotEmpty property="typeFlag">
				AND a.TMPLAT_SE_CODE = #tmplatSeCode#
			</isNotEmpty>		
			<isEqual prepend="AND" property="searchCnd" compareValue="0">
				<![CDATA[	a.TMPLAT_NM LIKE CONCAT ('%', #searchWrd#,'%') 		]]>
			</isEqual>
			<isEqual prepend="AND" property="searchCnd" compareValue="1">
				<![CDATA[	c.CODE_NM LIKE CONCAT ('%', #searchWrd#,'%') 		]]>
			</isEqual>		
	</select>	
 
	<select id="TemplateManageDAO.selectTemplateInf" parameterClass="TemplateInfVO" resultMap="tmplatDetail" >
		<![CDATA[
			SELECT 
                a.TMPLAT_ID, a.TMPLAT_NM, a.TMPLAT_SE_CODE, a.TMPLAT_COURS, a.USE_AT,
                a.FRST_REGISTER_ID, a.FRST_REGIST_PNTTM,
                b.USER_NM AS FRST_REGISTER_NM, c.CODE_NM AS TMPLAT_SE_CODE_NM,
                a.LAST_UPDUSR_ID,
                d.USER_NM AS LAST_UPDUSR_NM, a.LAST_UPDT_PNTTM
            FROM
                LETTNTMPLATINFO a
            LEFT OUTER JOIN COMVNUSERMASTER b
                ON a.FRST_REGISTER_ID = b.ESNTL_ID
            LEFT OUTER JOIN LETTCCMMNDETAILCODE c
                ON a.TMPLAT_SE_CODE = c.CODE
            LEFT OUTER JOIN LETTNEMPLYRINFO d
                ON a.LAST_UPDUSR_ID = d.EMPLYR_ID
            WHERE 
                c.CODE_ID = 'COM005'
            AND
				a.TMPLAT_ID = #tmplatId#
		]]>				
	</select> 
 
 	<update id="TemplateManageDAO.updateTemplateInf" parameterClass="TemplateInf">
 		<![CDATA[
			UPDATE LETTNTMPLATINFO SET 
				TMPLAT_SE_CODE = #tmplatSeCode#,
				TMPLAT_COURS = #tmplatCours#, 
				USE_AT = #useAt#,
				LAST_UPDUSR_ID = #lastUpdusrId#,
				LAST_UPDT_PNTTM = SYSDATE()
			WHERE TMPLAT_ID = #tmplatId#
 		]]>
 	</update>
			 
 	<update id="TemplateManageDAO.deleteTemplateInf" parameterClass="TemplateInf">
 		<![CDATA[
			UPDATE LETTNBBSMASTER SET 
				USE_AT = 'N',
				LAST_UPDUSR_ID = #lastUpdusrId#,
				LAST_UPDT_PNTTM = SYSDATE()
			WHERE TMPLAT_ID = #tmplatId#
 		]]>
 	</update>

	<select id="TemplateManageDAO.selectTemplateInfsByCode" parameterClass="TemplateInfVO" resultMap="tmplatList" >
		<![CDATA[
			SELECT 
				a.TMPLAT_ID, a.TMPLAT_NM, a.TMPLAT_SE_CODE, a.TMPLAT_COURS, a.USE_AT,
				a.FRST_REGISTER_ID, a.FRST_REGIST_PNTTM,
				b.USER_NM AS FRST_REGISTER_NM, c.CODE_NM AS TMPLAT_SE_CODE_NM
			FROM
				LETTNTMPLATINFO a
			LEFT OUTER JOIN COMVNUSERMASTER b
				ON a.FRST_REGISTER_ID = b.ESNTL_ID
			LEFT OUTER JOIN LETTCCMMNDETAILCODE c
				ON a.TMPLAT_SE_CODE = c.CODE
			WHERE 
				c.CODE_ID = 'COM005'
			AND
			    a.TMPLAT_SE_CODE = #tmplatSeCode#
			ORDER BY a.FRST_REGIST_PNTTM DESC 
		]]>				
	</select>	

</sqlMap>
