<?xml version="1.0" encoding="UTF-8"?>
<!DOCTYPE sqlMap PUBLIC "-//iBATIS.com//DTD SQL Map 2.0//EN" "http://www.ibatis.com/dtd/sql-map-2.dtd">

<sqlMap namespace="ProgrmManageDtl">

	<typeAlias  alias="comDefaultVO" type="mountain.com.cmm.ComDefaultVO"/>
	<typeAlias  alias="mountainMap" type="cmmn.dataaccess.util.MyMap"/>
	<typeAlias  alias="progrmManageVO" type="mountain.let.sym.prm.service.ProgrmManageVO"/>
	<typeAlias  alias="progrmManageDtlVO" type="mountain.let.sym.prm.service.ProgrmManageDtlVO"/>

    <!-- 프로그램 변경요청  --> 
	<resultMap id="progrmManageDtlVO" class="mountain.let.sym.prm.service.ProgrmManageDtlVO">
	  <result property="progrmFileNm"     column="PROGRM_FILE_NM"     columnIndex="1"/>
      <result property="rqesterNo"        column="REQUST_NO"         columnIndex="2"/>
      <result property="rqesterPersonId"  column="RQESTER_ID"         columnIndex="3"/>
      <result property="changerqesterCn"  column="CHANGE_REQUST_CN"   columnIndex="4"/>
      <result property="rqesterProcessCn" column="REQUST_PROCESS_CN" columnIndex="5"/>
      <result property="opetrId"          column="OPETR_ID"           columnIndex="6"/>
      <result property="processSttus"     column="PROCESS_STTUS_CODE" columnIndex="7"/>
      <result property="processDe"        column="PROCESS_DE"         columnIndex="8"/>
      <result property="rqesterDe"        column="REQUST_DE"         columnIndex="9"/>
      <result property="rqesterSj"        column="REQUST_SJ"         columnIndex="10"/>
	</resultMap>
	
    <!-- 프로그램 변경요청 TMP --> 
	<resultMap id="progrmManageDtl_Temp" class="mountain.let.sym.prm.service.ProgrmManageDtlVO">
      <result property="rqesterNo"        column="REQUST_NO"         columnIndex="1"/>
	</resultMap>

	<select id="progrmManageDAO.selectProgrmChangeRequstList_D" parameterClass="comDefaultVO" resultClass="mountainMap">
		<![CDATA[
	       SELECT * FROM ( SELECT rownum rn, TB.* FROM (
				SELECT
					  PROGRM_FILE_NM AS "progrmFileNm" 
					, REQUST_NO AS "rqesterNo" 
					, RQESTER_ID AS "rqesterPersonId" 
					, dbms_lob.substr(CHANGE_REQUST_CN, 10, 1)||'...'   AS "changerqesterCn" 
					, dbms_lob.substr(REQUST_PROCESS_CN, 10, 1)||'...' AS "rqesterProcessCn"
					, OPETR_ID AS "opetrId" 
					, trim(PROCESS_STTUS_CODE) AS "processSttus"
					, to_char(PROCESS_DE, 'YYYY-MM-DD') AS "processDe"   
					, to_char(REQUST_DE, 'YYYY-MM-DD') AS "rqesterDe" 
					, REQUST_SJ AS "rqesterSj"
				FROM LETTHPROGRMCHANGEDTLS
				WHERE PROGRM_FILE_NM like '%'|| #searchKeyword#||'%'
	       ) TB ) Z WHERE rn BETWEEN #firstIndex# + 1 AND #firstIndex# + #recordCountPerPage#
		 ]]>
	</select>

	<!-- 총건수 조회 -->
	<select id="progrmManageDAO.selectProgrmChangeRequstListTotCnt_S" parameterClass="comDefaultVO" resultClass="int">
		<![CDATA[
		SELECT COUNT(*) AS "totcnt"
		  FROM LETTHPROGRMCHANGEDTLS
		WHERE PROGRM_FILE_NM like '%'|| #searchKeyword#||'%'
		]]>
	</select>

	<select id="progrmManageDAO.selectProgrmChangeRequstNo_D" parameterClass="progrmManageDtlVO" resultClass="progrmManageDtlVO">
		<![CDATA[
			select nvl(max(REQUST_NO),0)+1 AS "rqesterNo"
			from LETTHPROGRMCHANGEDTLS
		 ]]>
	</select>

	<select id="progrmManageDAO.selectProgrmChangeRequst_D" parameterClass="progrmManageDtlVO" resultClass="progrmManageDtlVO">
		<![CDATA[
			SELECT
				  PROGRM_FILE_NM AS "progrmFileNm" 
				, REQUST_NO AS "rqesterNo" 
				, RQESTER_ID AS "rqesterPersonId" 
				, CHANGE_REQUST_CN AS "changerqesterCn" 
				, REQUST_PROCESS_CN AS "rqesterProcessCn"
				, OPETR_ID AS "opetrId" 
				, trim(PROCESS_STTUS_CODE) AS "processSttus" 
				, to_char(PROCESS_DE, 'YYYY-MM-DD') AS "processDe" 
				, to_char(REQUST_DE, 'YYYY-MM-DD') AS "rqesterDe" 
				, REQUST_SJ AS "rqesterSj"
			FROM LETTHPROGRMCHANGEDTLS
			WHERE PROGRM_FILE_NM=#progrmFileNm#
			AND   REQUST_NO    =#rqesterNo#
		]]>
	</select> 

	<insert id="progrmManageDAO.insertProgrmChangeRequst_S">
		<![CDATA[
			INSERT INTO LETTHPROGRMCHANGEDTLS
				(  PROGRM_FILE_NM
              , REQUST_NO
              , RQESTER_ID
              , CHANGE_REQUST_CN
              , REQUST_DE
              , REQUST_SJ 
              ,PROCESS_STTUS_CODE)
			VALUES (  #progrmFileNm#
                 , #rqesterNo#
                 , #rqesterPersonId#
                 , #changerqesterCn#
                 , TO_DATE(#rqesterDe#,'yyyy-mm-dd')
                 , #rqesterSj# 
                 , 'A')
		]]>
	</insert>

	<update id="progrmManageDAO.updateProgrmChangeRequst_S">
		<![CDATA[
			UPDATE LETTHPROGRMCHANGEDTLS
			SET    RQESTER_ID        = #rqesterPersonId# 
			     , CHANGE_REQUST_CN  = #changerqesterCn#
                 , REQUST_DE        = TO_DATE(#rqesterDe#,'yyyy-mm-dd')       
                 , REQUST_SJ        = #rqesterSj# 
			WHERE PROGRM_FILE_NM=#progrmFileNm#
			AND   REQUST_NO    =#rqesterNo#
		]]>
	</update>

	<delete id="progrmManageDAO.deleteProgrmChangeRequst_S">
		<![CDATA[
			DELETE FROM LETTHPROGRMCHANGEDTLS
			WHERE PROGRM_FILE_NM=#progrmFileNm#
			AND   REQUST_NO    =#rqesterNo#
		]]>
	</delete>  

	<update id="progrmManageDAO.updateProgrmChangeRequstProcess_S">
		<![CDATA[
			UPDATE LETTHPROGRMCHANGEDTLS
			SET    REQUST_PROCESS_CN = #rqesterProcessCn# 
                 , OPETR_ID           = #opetrId#         
                 , PROCESS_STTUS_CODE = #processSttus#    
                 , PROCESS_DE         = TO_DATE(#processDe#,'yyyy-mm-dd')        
			WHERE  PROGRM_FILE_NM=#progrmFileNm#
			AND    REQUST_NO    =#rqesterNo#  
		]]>
	</update>

	<select id="progrmManageDAO.selectChangeRequstProcessList_D" parameterClass="comDefaultVO" resultClass="mountainMap">
		<![CDATA[
			SELECT * FROM ( SELECT rownum rn, TB.* FROM (
				SELECT
					  PROGRM_FILE_NM AS "progrmFileNm"
					, REQUST_NO AS "rqesterNo"
					, RQESTER_ID AS "rqesterPersonId"  
					, dbms_lob.substr(CHANGE_REQUST_CN, 10, 1)||'...'   AS "changerqesterCn"
					, dbms_lob.substr(REQUST_PROCESS_CN, 10, 1)||'...' AS "rqesterProcessCn" 
	                , OPETR_ID AS "opetrId"
	                , trim(PROCESS_STTUS_CODE) AS "processSttus"
	                , to_char(PROCESS_DE, 'YYYY-MM-DD') AS "processDe"  
	                , to_char(REQUST_DE, 'YYYY-MM-DD') AS "rqesterDe" 
	                , REQUST_SJ AS "rqesterSj"
				FROM LETTHPROGRMCHANGEDTLS
				WHERE 1=1
		 ]]>
        <isEqual prepend="AND" property="searchCondition" compareValue="1">
         <![CDATA[   PROCESS_STTUS_CODE like #searchKeyword#  ]]>
        </isEqual>        
        <isEqual prepend="AND" property="searchCondition" compareValue="2">
         <![CDATA[   PROCESS_STTUS_CODE = #searchKeyword#   ]]>
        </isEqual>
        <isEqual prepend="AND" property="searchCondition" compareValue="3">
         <![CDATA[ to_char(REQUST_DE, 'YYYY-MM-DD') between #searchKeywordFrom# and #searchKeywordTo# ]]>
        </isEqual>
        <isEqual prepend="AND" property="searchCondition" compareValue="4">
         <![CDATA[  RQESTER_ID like  '%'||#searchKeyword#||'%'   ]]>
        </isEqual>
        <![CDATA[   ORDER BY REQUST_NO ASC
             ) TB ) Z WHERE rn BETWEEN #firstIndex# + 1 AND #firstIndex# + #recordCountPerPage#
        ]]>
	</select>

	<!-- 총건수 조회   binary(PROCESS_DE) >= #searchKeywordFrom#  and  binary(PROCESS_DE) =<  #searchKeywordTo#  -->
	<select id="progrmManageDAO.selectChangeRequstProcessListTotCnt_S" parameterClass="comDefaultVO" resultClass="int">
		<![CDATA[
		SELECT COUNT(REQUST_NO) AS "totcnt"
		  FROM LETTHPROGRMCHANGEDTLS
			WHERE 1=1
		 ]]>
        <isEqual prepend="AND" property="searchCondition" compareValue="1">
         <![CDATA[   PROCESS_STTUS_CODE like #searchKeyword#  ]]>
        </isEqual>        
        <isEqual prepend="AND" property="searchCondition" compareValue="2">
         <![CDATA[   PROCESS_STTUS_CODE = #searchKeyword#   ]]>
        </isEqual>
        <isEqual prepend="AND" property="searchCondition" compareValue="3">
         <![CDATA[ to_char(REQUST_DE, 'YYYY-MM-DD') between #searchKeywordFrom# and #searchKeywordTo# ]]>
        </isEqual>
        <isEqual prepend="AND" property="searchCondition" compareValue="4">
         <![CDATA[  RQESTER_ID like  '%'||#searchKeyword#||'%'   ]]>
        </isEqual>
	</select>

	<delete id="progrmManageDAO.deleteAllProgrmDtls">
		<![CDATA[                          
			DELETE FROM LETTHPROGRMCHANGEDTLS              
		]]>                                
	</delete> 

	<select id="progrmManageDAO.selectRqesterEmail" parameterClass="progrmManageDtlVO" resultClass="progrmManageDtlVO">
		<![CDATA[
			select user_email AS "tmp_Email" from COMVNUSERMASTER
			where user_id = #rqesterPersonId#
		 ]]>
	</select>

</sqlMap>                            