<?xml version="1.0" encoding="UTF-8"?>
<!DOCTYPE sqlMap PUBLIC "-//iBATIS.com//DTD SQL Map 2.0//EN" "http://www.ibatis.com/dtd/sql-map-2.dtd">

<sqlMap namespace="AuthorGroup">

    <typeAlias  alias="mountainMap" type="cmmn.dataaccess.util.MyMap"/>
    <typeAlias  alias="AuthorGroupVO" type="mountain.let.sec.rgm.service.AuthorGroupVO"/>
    <typeAlias  alias="AuthorGroup" type="mountain.let.sec.rgm.service.AuthorGroup"/>

    <resultMap id="authorGroup" class="mountain.let.sec.rgm.service.AuthorGroupVO">
        <result property="userId" column="USER_ID" columnIndex="1"/>
        <result property="userNm" column="USER_NM" columnIndex="2"/>
        <result property="groupId" column="GROUP_ID" columnIndex="3"/>
        <result property="mberTyCode" column="MBER_TY_CODE" columnIndex="4"/>
        <result property="mberTyNm" column="MBER_TY_NM" columnIndex="5"/>
        <result property="authorCode" column="AUTHOR_CODE" columnIndex="6"/>
        <result property="regYn" column="REG_YN" columnIndex="8"/>
        <result property="uniqId" column="ESNTL_ID" columnIndex="9"/>
    </resultMap>

    <select id="authorGroupDAO.selectAuthorGroupList" parameterClass="AuthorGroupVO" resultMap="authorGroup">
            <![CDATA[ 
            SELECT  * 
              FROM  (
            SELECT ROWNUM RNUM, ALL_LIST.* 
              FROM  (
            SELECT A.USER_ID, 
                   A.USER_NM, 
                   A.GROUP_ID,
                   A.MBER_TY_CODE,
                   (SELECT CODE_NM
                      FROM LETTCCMMNDETAILCODE 
                     WHERE CODE_ID = 'COM012'
                       AND CODE = A.MBER_TY_CODE
                       AND USE_AT = 'Y') AS MBER_TY_NM,
                   B.AUTHOR_CODE, 
                   (CASE WHEN B.SCRTY_DTRMN_TRGET_ID IS NULL THEN 'N'
                         ELSE 'Y' 
                     END) AS REG_YN,
                    ESNTL_ID
              FROM (SELECT MBER_ID USER_ID, MBER_NM USER_NM, GROUP_ID, 'USR01' MBER_TY_CODE, ESNTL_ID
                      FROM LETTNGNRLMBER
                     UNION ALL
                    SELECT ENTRPRS_MBER_ID USER_ID, CMPNY_NM USER_NM, GROUP_ID, 'USR02' MBER_TY_CODE, ESNTL_ID 
                      FROM LETTNENTRPRSMBER
                     UNION ALL
                    SELECT EMPLYR_ID USER_ID, USER_NM USER_NM, GROUP_ID, 'USR03' MBER_TY_CODE, ESNTL_ID 
                      FROM LETTNEMPLYRINFO ) A LEFT OUTER JOIN LETTNEMPLYRSCRTYESTBS B
                ON A.ESNTL_ID = B.SCRTY_DTRMN_TRGET_ID
             WHERE 1 = 1    
              ]]> 
            <isNotEmpty property="searchKeyword">
                <isEqual prepend="AND" property="searchCondition" compareValue="1">
                       A.USER_ID LIKE '%'||#searchKeyword#||'%'
                </isEqual>
                <isEqual prepend="AND" property="searchCondition" compareValue="2">
                       A.USER_NM LIKE '%'||#searchKeyword#||'%'
                </isEqual>
                <isEqual prepend="AND" property="searchCondition" compareValue="3">
                       A.GROUP_ID = #searchKeyword#
                </isEqual>
            </isNotEmpty>
            <![CDATA[ 
                    ) ALL_LIST
                    )
             WHERE  RNUM  > #firstIndex#
               AND  RNUM <= #firstIndex# + #recordCountPerPage#
             ]]>  
    </select>

    <insert id="authorGroupDAO.insertAuthorGroup" parameterClass="AuthorGroup">
        <![CDATA[
            INSERT INTO LETTNEMPLYRSCRTYESTBS 
                  ( SCRTY_DTRMN_TRGET_ID
                  , MBER_TY_CODE
                  , AUTHOR_CODE)
           VALUES ( #uniqId#
                  , #mberTyCode#
                  , #authorCode#)
        ]]>
    </insert>

    <update id="authorGroupDAO.updateAuthorGroup" parameterClass="AuthorGroup">
        <![CDATA[
            UPDATE LETTNEMPLYRSCRTYESTBS 
               SET MBER_TY_CODE=#mberTyCode#
                 , AUTHOR_CODE=#authorCode#
             WHERE SCRTY_DTRMN_TRGET_ID=#uniqId#
        ]]>
    </update>

    <delete id="authorGroupDAO.deleteAuthorGroup">
        <![CDATA[
            DELETE FROM LETTNEMPLYRSCRTYESTBS 
             WHERE SCRTY_DTRMN_TRGET_ID=#uniqId#
        ]]>
    </delete>

    <select id="authorGroupDAO.selectAuthorGroupListTotCnt" parameterClass="AuthorGroupVO" resultClass="int">

            SELECT COUNT(*) AS totcnt
              FROM (SELECT MBER_ID USER_ID, MBER_NM USER_NM, GROUP_ID, 'USR01' MBER_TY_CODE 
                      FROM LETTNGNRLMBER
                     UNION ALL
                    SELECT ENTRPRS_MBER_ID USER_ID, CMPNY_NM USER_NM, GROUP_ID, 'USR02' MBER_TY_CODE 
                      FROM LETTNENTRPRSMBER
                     UNION ALL
                    SELECT EMPLYR_ID USER_ID, USER_NM USER_NM, GROUP_ID, 'USR03' MBER_TY_CODE 
                      FROM LETTNEMPLYRINFO ) A LEFT OUTER JOIN LETTNEMPLYRSCRTYESTBS B
                ON A.USER_ID = B.SCRTY_DTRMN_TRGET_ID
             WHERE 1 = 1   
            <isNotEmpty property="searchKeyword">
                <isEqual prepend="AND" property="searchCondition" compareValue="1">
                       A.USER_ID LIKE '%'||#searchKeyword#||'%'
                </isEqual>
                <isEqual prepend="AND" property="searchCondition" compareValue="2">
                       A.USER_NM LIKE '%'||#searchKeyword#||'%'
                </isEqual>
                <isEqual prepend="AND" property="searchCondition" compareValue="3">
                       A.GROUP_ID = #searchKeyword#
                </isEqual>
            </isNotEmpty>
    </select>

</sqlMap>
