<?xml version="1.0" encoding="UTF-8"?>
<!DOCTYPE sqlMap PUBLIC "-//iBATIS.com//DTD SQL Map 2.0//EN" "http://www.ibatis.com/dtd/sql-map-2.dtd">

<sqlMap namespace="ZipManage">

	<typeAlias  alias="mountainMap" type="cmmn.dataaccess.util.MyMap"/>
	<typeAlias  alias="Zip"     type="mountain.let.sym.ccm.zip.service.Zip"/>
	<typeAlias  alias="ZipVO"   type="mountain.let.sym.ccm.zip.service.ZipVO"/>

	<select id="ZipManageDAO.selectZipList" parameterClass="ZipVO" resultClass="mountainMap">
		<![CDATA[
			SELECT  * 
			  FROM  (
			SELECT ROWNUM RNUM, ALL_LIST.* 
			  FROM  (
			/* 구현 Sql */
			SELECT  ZIP
			     ,  SN
			     ,  CTPRVN_NM
			     ,  SIGNGU_NM
			     ,  EMD_NM
			     ,  LI_BULD_NM
			     ,  LNBR_DONG_HO
			  FROM  LETTCZIP
			 WHERE	1 = 1
		]]>
			<isEqual prepend="AND" property="searchCondition" compareValue="1">
				<![CDATA[ZIP = #searchKeyword#]]>
			</isEqual>
			<isEqual prepend="AND" property="searchCondition" compareValue="2">
				<![CDATA[CTPRVN_NM LIKE '%'||#searchKeyword#||'%']]>
			</isEqual>
			<isEqual prepend="AND" property="searchCondition" compareValue="3">
				<![CDATA[SIGNGU_NM LIKE '%'||#searchKeyword#||'%']]>
			</isEqual>
			<isEqual prepend="AND" property="searchCondition" compareValue="4">
				<![CDATA[EMD_NM LIKE '%'||#searchKeyword#||'%']]>
			</isEqual>
			<isEqual prepend="AND" property="searchCondition" compareValue="5">
				<![CDATA[LI_BULD_NM LIKE '%'||#searchKeyword#||'%']]>
			</isEqual>
		<![CDATA[
			/* 구현 Sql */
				    ) ALL_LIST
				    )
			 WHERE  RNUM  > #firstIndex#
			   AND  RNUM <= #firstIndex# + #recordCountPerPage#
		]]>
	</select>

	<select id="ZipManageDAO.selectZipListTotCnt" parameterClass="ZipVO" resultClass="int">
		<![CDATA[
			SELECT  COUNT(*) totcnt 
			  FROM  LETTCZIP
			 WHERE	1 = 1
		]]>
			<isEqual prepend="AND" property="searchCondition" compareValue="1">
				<![CDATA[ZIP = #searchKeyword#]]>
			</isEqual>
			<isEqual prepend="AND" property="searchCondition" compareValue="2">
				<![CDATA[CTPRVN_NM LIKE '%'||#searchKeyword#||'%']]>
			</isEqual>
			<isEqual prepend="AND" property="searchCondition" compareValue="3">
				<![CDATA[SIGNGU_NM LIKE '%'||#searchKeyword#||'%']]>
			</isEqual>
			<isEqual prepend="AND" property="searchCondition" compareValue="4">
				<![CDATA[EMD_NM LIKE '%'||#searchKeyword#||'%']]>
			</isEqual>
			<isEqual prepend="AND" property="searchCondition" compareValue="5">
				<![CDATA[LI_BULD_NM LIKE '%'||#searchKeyword#||'%']]>
			</isEqual>
	</select>

	<select id="ZipManageDAO.selectZipDetail" parameterClass="Zip" resultClass="Zip">
		<![CDATA[
			SELECT  ZIP           zip       
			     ,  SN            sn        
			     ,  CTPRVN_NM     ctprvnNm  
			     ,  SIGNGU_NM     signguNm
			     ,  EMD_NM        emdNm     
			     ,  LI_BULD_NM    liBuldNm 
			     ,  LNBR_DONG_HO  lnbrDongHo
			  FROM  LETTCZIP			     
             WHERE  ZIP = #zip#
               AND  SN  = #sn#
		]]>
	</select>

	<insert id="ZipManageDAO.insertZip">
		<selectKey resultClass="int" keyProperty="sn">
			SELECT  NVL(MAX(SN)+1, 1) AS	sn
			  FROM  LETTCZIP
	    </selectKey>

		<![CDATA[
			INSERT 
			  INTO  LETTCZIP
			     (  ZIP         
			     ,  SN          
			     ,  CTPRVN_NM   
			     ,  SIGNGU_NM   
			     ,  EMD_NM      
			     ,  LI_BULD_NM  
			     ,  LNBR_DONG_HO
			     ,  FRST_REGIST_PNTTM
			     ,  FRST_REGISTER_ID
			     ,  LAST_UPDT_PNTTM
			     ,  LAST_UPDUSR_ID
			     ) 
			VALUES
			     (  #zip#       
			     ,  #sn#        
			     ,  #ctprvnNm#  
			     ,  #signguNm#  
			     ,  #emdNm#     
			     ,  #liBuldNm# 
			     ,  #lnbrDongHo#
			     ,  SYSDATE
			     ,  #frstRegisterId#
			     ,  SYSDATE
			     ,  #frstRegisterId#
			     ) 
		]]>
	</insert>

	<insert id="ZipManageDAO.insertExcelZip">
		<![CDATA[
			INSERT 
			  INTO  LETTCZIP
			     (  ZIP         
			     ,  SN          
			     ,  CTPRVN_NM   
			     ,  SIGNGU_NM   
			     ,  EMD_NM      
			     ,  LI_BULD_NM  
			     ,  LNBR_DONG_HO
			     ,  FRST_REGIST_PNTTM
			     ,  FRST_REGISTER_ID
			     ,  LAST_UPDT_PNTTM
			     ,  LAST_UPDUSR_ID
			     ) 
			VALUES
			     (  #zip#       
			     ,  #sn#        
			     ,  #ctprvnNm#  
			     ,  #signguNm#  
			     ,  #emdNm#     
			     ,  #liBuldNm# 
			     ,  #lnbrDongHo#
			     ,  SYSDATE
			     ,  #frstRegisterId#
			     ,  SYSDATE
			     ,  #frstRegisterId#
			     ) 
		]]>
	</insert>

	<update id="ZipManageDAO.updateZip">
		<![CDATA[
            UPDATE  LETTCZIP 
               SET  CTPRVN_NM         = #ctprvnNm#  
                 ,  SIGNGU_NM         = #signguNm#  
                 ,  EMD_NM            = #emdNm#     
                 ,  LI_BULD_NM        = #liBuldNm# 
                 ,  LNBR_DONG_HO      = #lnbrDongHo#
                 ,  LAST_UPDT_PNTTM = sysdate
                 ,  LAST_UPDUSR_ID    = #lastUpdusrId#
             WHERE  ZIP               = #zip#
               AND  SN                = #sn# 
		]]>
	</update>

	<delete id="ZipManageDAO.deleteZip">
		<![CDATA[
            DELETE  
              FROM  LETTCZIP     
             WHERE  ZIP = #zip# 
		]]>
	</delete>

	<delete id="ZipManageDAO.deleteAllZip">
		<![CDATA[
            DELETE  
              FROM  LETTCZIP     
		]]>
	</delete>

</sqlMap>            