<?xml version="1.0" encoding="UTF-8"?>
<!DOCTYPE sqlMap PUBLIC "-//iBATIS.com//DTD SQL Map 2.0//EN" "http://www.ibatis.com/dtd/sql-map-2.dtd">

<sqlMap namespace="AuthorManage">

    <typeAlias  alias="mountainMap" type="cmmn.dataaccess.util.MyMap"/>
    <typeAlias  alias="AuthorManageVO" type="mountain.let.sec.ram.service.AuthorManageVO"/>
    <typeAlias  alias="AuthorManage" type="mountain.let.sec.ram.service.AuthorManage"/>

    <resultMap id="author" class="mountain.let.sec.ram.service.AuthorManageVO">
        <result property="authorCode" column="AUTHOR_CODE" columnIndex="1"/>
        <result property="authorNm" column="AUTHOR_NM" columnIndex="2"/>
        <result property="authorDc" column="AUTHOR_DC" columnIndex="3"/>
        <result property="authorCreatDe" column="AUTHOR_CREAT_DE" columnIndex="4"/>
    </resultMap>

    <select id="authorManageDAO.selectAuthorList" parameterClass="AuthorManageVO" resultMap="author">
            SELECT
                   AUTHOR_CODE, AUTHOR_NM, AUTHOR_DC, AUTHOR_CREAT_DE
              FROM LETTNAUTHORINFO
             WHERE 1=1
            <isEqual prepend="AND" property="searchCondition" compareValue="1">
                AUTHOR_NM LIKE CONCAT('%' , #searchKeyword#, '%')
            </isEqual>
            ORDER BY AUTHOR_CREAT_DE DESC
            LIMIT #recordCountPerPage# OFFSET #firstIndex#      
    </select>

    <insert id="authorManageDAO.insertAuthor" parameterClass="AuthorManage">
        <![CDATA[
            INSERT INTO LETTNAUTHORINFO 
                  ( AUTHOR_CODE
                  , AUTHOR_NM
                  , AUTHOR_DC
                  , AUTHOR_CREAT_DE )
           VALUES ( #authorCode#
                  , #authorNm#
                  , #authorDc#
                  , now())
        ]]> 
    </insert>

    <update id="authorManageDAO.updateAuthor" parameterClass="AuthorManage">
        <![CDATA[
            UPDATE LETTNAUTHORINFO 
               SET AUTHOR_NM=#authorNm#
                 , AUTHOR_DC=#authorDc#
             WHERE AUTHOR_CODE=#authorCode#
        ]]>
    </update>
    
    <delete id="authorManageDAO.deleteAuthor">
        <![CDATA[
            DELETE FROM LETTNAUTHORINFO 
             WHERE AUTHOR_CODE=#authorCode#
        ]]>
    </delete>
    
    <select id="authorManageDAO.selectAuthor" resultMap="author">
        <![CDATA[
            SELECT AUTHOR_CODE, AUTHOR_NM, AUTHOR_DC, AUTHOR_CREAT_DE
              FROM LETTNAUTHORINFO 
             WHERE AUTHOR_CODE=#authorCode#
        ]]>
    </select>
    
    <select id="authorManageDAO.selectAuthorListTotCnt" parameterClass="AuthorManageVO" resultClass="int">
            SELECT COUNT(*) totcnt
            FROM LETTNAUTHORINFO
            WHERE 1=1
            <isEqual prepend="AND" property="searchCondition" compareValue="1">
                AUTHOR_NM LIKE CONCAT('%' , #searchKeyword#, '%')
            </isEqual> 
    </select>
    
    <select id="authorManageDAO.selectAuthorAllList" parameterClass="AuthorManageVO" resultMap="author">
            SELECT
                   AUTHOR_CODE, AUTHOR_NM, AUTHOR_DC, AUTHOR_CREAT_DE
              FROM LETTNAUTHORINFO
    </select>
</sqlMap>
