<?xml version="1.0" encoding="UTF-8"?>
<!DOCTYPE sqlMap PUBLIC "-//iBATIS.com//DTD SQL Map 2.0//EN" "http://www.ibatis.com/dtd/sql-map-2.dtd">

<sqlMap namespace="AuthorRoleManage">

    <typeAlias  alias="mountainMap" type="cmmn.dataaccess.util.MyMap"/>
    <typeAlias  alias="authorRoleManageVO" type="mountain.let.sec.ram.service.AuthorRoleManageVO"/>
    <typeAlias  alias="authorRoleManage" type="mountain.let.sec.ram.service.AuthorRoleManage"/>

    <resultMap id="authorRole" class="mountain.let.sec.ram.service.AuthorRoleManageVO">
        <result property="roleCode" column="ROLE_CODE" columnIndex="1"/>
        <result property="roleNm" column="ROLE_NM" columnIndex="2"/>
        <result property="rolePtn" column="ROLE_PTTRN" columnIndex="3"/>
        <result property="roleDc" column="ROLE_DC" columnIndex="4"/>
        <result property="roleTyp" column="ROLE_TY" columnIndex="5"/>
        <result property="roleSort" column="ROLE_SORT" columnIndex="6"/>
        <result property="authorCode" column="AUTHOR_CODE" columnIndex="7"/>
        <result property="regYn" column="REG_YN" columnIndex="8"/>
        <result property="creatDt" column="CREAT_DT" columnIndex="9"/>
    </resultMap>

    <select id="authorRoleManageDAO.selectAuthorRoleList" parameterClass="authorRoleManageVO" resultMap="authorRole">
        <![CDATA[

            SELECT  * 
              FROM  (
            SELECT ROWNUM RNUM, ALL_LIST.* 
              FROM  (

            SELECT A.ROLE_CODE,
                   A.ROLE_NM,
                   A.ROLE_PTTRN,
                   A.ROLE_DC,
                   A.ROLE_TY,
                   A.ROLE_SORT,
                   B.AUTHOR_CODE,
                   B.CREAT_DT,
                   (CASE WHEN B.ROLE_CODE IS NULL THEN 'N'
                         ELSE 'Y' 
                     END) AS REG_YN
              FROM LETTNROLEINFO A 
                   LEFT OUTER JOIN (SELECT AUTHOR_CODE , ROLE_CODE, CREAT_DT FROM LETTNAUTHORROLERELATE WHERE AUTHOR_CODE = #searchKeyword#) B
                ON A.ROLE_CODE = B.ROLE_CODE        

                    ) ALL_LIST
                    ) Z

             WHERE  RNUM  > #firstIndex#
               AND  RNUM <= #firstIndex# + #recordCountPerPage#
        ]]>
    </select>

    <select id="authorRoleManageDAO.selectAuthorRoleListTotCnt" parameterClass="authorRoleManageVO" resultClass="int">

            SELECT COUNT(*) totcnt
              FROM LETTNROLEINFO A 
                   LEFT OUTER JOIN (SELECT AUTHOR_CODE , ROLE_CODE, CREAT_DT FROM LETTNAUTHORROLERELATE WHERE AUTHOR_CODE = #searchKeyword#) B
                ON A.ROLE_CODE = B.ROLE_CODE
    </select>

    <insert id="authorRoleManageDAO.insertAuthorRole" parameterClass="authorRoleManage">
        <![CDATA[
            INSERT INTO LETTNAUTHORROLERELATE 
                  ( AUTHOR_CODE
                  , ROLE_CODE
                  , CREAT_DT)
           VALUES ( #authorCode#
                  , #roleCode#
                  , SYSDATETIME)
        ]]>
    </insert>

    <delete id="authorRoleManageDAO.deleteAuthorRole">
        <![CDATA[
            DELETE FROM LETTNAUTHORROLERELATE 
             WHERE AUTHOR_CODE=#authorCode#
               AND ROLE_CODE=#roleCode#
        ]]>
    </delete>
    
</sqlMap>
