<?xml version="1.0" encoding="UTF-8"?>
<!DOCTYPE sqlMap PUBLIC "-//iBATIS.com//DTD SQL Map 2.0//EN" "http://www.ibatis.com/dtd/sql-map-2.dtd">

<sqlMap namespace="LoginPolicy">
	<typeAlias  alias="LoginPolicy" type="mountain.let.uat.uap.service.LoginPolicy"/>
    <typeAlias  alias="LoginPolicyVO" type="mountain.let.uat.uap.service.LoginPolicyVO"/>

	<resultMap id="loginPolicy" class="mountain.let.uat.uap.service.LoginPolicyVO">
        <result property="emplyrId" column="USER_ID" columnIndex="1"/>
        <result property="emplyrNm" column="USER_NM" columnIndex="2"/>
        <result property="emplyrSe" column="USER_SE" columnIndex="3"/>
        <result property="ipInfo" column="IP_INFO" columnIndex="4"/>
        <result property="dplctPermAt" column="DPLCT_PERM_AT" columnIndex="5"/>
        <result property="lmttAt" column="LMTT_AT" columnIndex="6"/>
        <result property="userId" column="LAST_UPDUSR_ID" columnIndex="7"/>
        <result property="regDate" column="LAST_UPDT_PNTTM" columnIndex="8"/>
        <result property="regYn" column="REG_YN" columnIndex="9"/>
	</resultMap>

    <select id="loginPolicyDAO.selectLoginPolicyList" parameterClass="LoginPolicyVO" resultMap="loginPolicy">
            SELECT A.USER_ID,
                   A.USER_NM,
                   A.USER_SE,
                   B.IP_INFO,
                   B.DPLCT_PERM_AT,
                   B.LMTT_AT,
                   B.LAST_UPDUSR_ID,
                   B.LAST_UPDT_PNTTM,
                   IF(B.EMPLYR_ID IS NULL, 'N', 'Y') AS REG_YN 
              FROM COMVNUSERMASTER A LEFT OUTER JOIN LETTNLOGINPOLICY B
                ON A.USER_ID = B.EMPLYR_ID   
             WHERE 1 = 1
            <isNotEmpty property="searchKeyword">
                <isEqual prepend="AND" property="searchCondition" compareValue="1">
                       A.USER_NM LIKE CONCAT('%' , #searchKeyword#, '%')  
                </isEqual>
            </isNotEmpty>
             LIMIT #recordCountPerPage# OFFSET #firstIndex#
    </select>

    <select id="loginPolicyDAO.selectLoginPolicyListTotCnt" parameterClass="LoginPolicyVO" resultClass="int">
            SELECT COUNT(*) AS totcnt                  
              FROM COMVNUSERMASTER A LEFT OUTER JOIN LETTNLOGINPOLICY B
                ON A.USER_ID = B.EMPLYR_ID   
             WHERE 1 = 1
            <isNotEmpty property="searchKeyword">
                <isEqual prepend="AND" property="searchCondition" compareValue="1">
                       A.USER_NM LIKE CONCAT('%' , #searchKeyword#, '%')  
                </isEqual>
            </isNotEmpty>
    </select>
    
    <select id="loginPolicyDAO.selectLoginPolicy" resultMap="loginPolicy">
            SELECT A.USER_ID,
                   A.USER_NM,
                   A.USER_SE,
                   B.IP_INFO,
                   B.DPLCT_PERM_AT,
                   IF(B.LMTT_AT IS NULL, 'N', B.LMTT_AT) AS LMTT_AT,
                   B.LAST_UPDUSR_ID,
                   B.LAST_UPDT_PNTTM,
                   IF(B.EMPLYR_ID IS NULL, 'N', 'Y') AS REG_YN                   
              FROM COMVNUSERMASTER A LEFT OUTER JOIN LETTNLOGINPOLICY B
                ON A.USER_ID = B.EMPLYR_ID   
             WHERE 1 = 1
               AND A.USER_ID = #emplyrId#
    </select>
    
    <insert id="loginPolicyDAO.insertLoginPolicy" parameterClass="LoginPolicy">
        <![CDATA[
            INSERT INTO LETTNLOGINPOLICY 
                   (EMPLYR_ID
                   ,IP_INFO
                   ,DPLCT_PERM_AT
                   ,LMTT_AT
                   ,FRST_REGISTER_ID
                   ,FRST_REGIST_PNTTM
                   ,LAST_UPDUSR_ID
                   ,LAST_UPDT_PNTTM)
            VALUES (#emplyrId#
                   ,#ipInfo#
                   ,#dplctPermAt#
                   ,#lmttAt#
                   ,#userId#
                   ,now()
                   ,#userId#
                   ,now())
        ]]>
    </insert>

    <update id="loginPolicyDAO.updateLoginPolicy" parameterClass="LoginPolicy">
        <![CDATA[
            UPDATE LETTNLOGINPOLICY 
               SET IP_INFO = #ipInfo#
                  ,DPLCT_PERM_AT = #dplctPermAt#
                  ,LMTT_AT = #lmttAt#
                  ,LAST_UPDUSR_ID = #userId#
                  ,LAST_UPDT_PNTTM = now()
             WHERE EMPLYR_ID = #emplyrId#
        ]]>
    </update>

    <delete id="loginPolicyDAO.deleteLoginPolicy">
        <![CDATA[
            DELETE FROM LETTNLOGINPOLICY 
             WHERE EMPLYR_ID = #emplyrId#
        ]]>
    </delete>

</sqlMap>
