<?xml version="1.0" encoding="UTF-8"?>
<!DOCTYPE sqlMap PUBLIC "-//iBATIS.com//DTD SQL Map 2.0//EN" "http://www.ibatis.com/dtd/sql-map-2.dtd">

<sqlMap namespace="File">

	<typeAlias  alias="mountainMap" type="cmmn.dataaccess.util.MyMap"/>
	<typeAlias  alias="FileVO" type="mountain.com.cmm.service.FileVO"/>

	<resultMap id="fileList" class="mountain.com.cmm.service.FileVO">
		<result property="atchFileId" column="ATCH_FILE_ID" columnIndex="1"/>
		<result property="fileCn" column="FILE_CN" columnIndex="2"/>
		<result property="fileExtsn" column="FILE_EXTSN" columnIndex="3"/>
		<result property="fileMg" column="FILE_SIZE" columnIndex="4"/>
		<result property="fileSn" column="FILE_SN" columnIndex="5"/>
		<result property="fileStreCours" column="FILE_STRE_COURS" columnIndex="6"/>
		<result property="orignlFileNm" column="ORIGNL_FILE_NM" columnIndex="7"/>
		<result property="streFileNm" column="STRE_FILE_NM" columnIndex="8"/>
		<result property="creatDt" column="CREAT_DT" columnIndex="9"/>			
	</resultMap>

	<resultMap id="fileDetail" class="mountain.com.cmm.service.FileVO">
		<result property="atchFileId" column="ATCH_FILE_ID" columnIndex="1"/>
		<result property="fileCn" column="FILE_CN" columnIndex="2"/>
		<result property="fileExtsn" column="FILE_EXTSN" columnIndex="3"/>
		<result property="fileMg" column="FILE_SIZE" columnIndex="4"/>
		<result property="fileSn" column="FILE_SN" columnIndex="5"/>
		<result property="fileStreCours" column="FILE_STRE_COURS" columnIndex="6"/>
		<result property="orignlFileNm" column="ORIGNL_FILE_NM" columnIndex="7"/>
		<result property="streFileNm" column="STRE_FILE_NM" columnIndex="8"/>
	</resultMap>	


 	<select id="FileManageDAO.selectFileList" parameterClass="FileVO" resultMap="fileList" >
 		<![CDATA[
			SELECT 
				a.ATCH_FILE_ID, b.FILE_CN, b.FILE_SN, b.FILE_STRE_COURS, b.STRE_FILE_NM,
				b.FILE_EXTSN, b.ORIGNL_FILE_NM, b.FILE_SIZE, a.CREAT_DT
			FROM
				LETTNFILE a, LETTNFILEDETAIL b
			WHERE
				a.ATCH_FILE_ID = #atchFileId#
			AND 
				a.ATCH_FILE_ID = b.ATCH_FILE_ID
			AND 
				a.USE_AT = 'Y'				
			ORDER BY b.FILE_SN	
 		]]>
 	</select>
 	
	<insert id="FileManageDAO.insertFileMaster" parameterClass="FileVO" >
		<![CDATA[
			INSERT INTO LETTNFILE
			(ATCH_FILE_ID, CREAT_DT, USE_AT)
			VALUES
			( #atchFileId#, SYSDATE, 'Y')			
		]]>
	</insert>
	
	<insert id="FileManageDAO.insertFileDetail" parameterClass="FileVO" >
		<![CDATA[
			INSERT INTO LETTNFILEDETAIL
			( ATCH_FILE_ID, FILE_SN, FILE_STRE_COURS, STRE_FILE_NM, 
			  ORIGNL_FILE_NM, FILE_EXTSN, FILE_SIZE, FILE_CN )
			VALUES
			( #atchFileId#, #fileSn#, #fileStreCours#, #streFileNm#, 
			  #orignlFileNm#, #fileExtsn#, #fileMg#, #fileCn# )			
		]]>
	</insert>	
	
	<delete id="FileManageDAO.deleteFileDetail" parameterClass="FileVO" >
		<![CDATA[
			DELETE FROM LETTNFILEDETAIL
			WHERE
				ATCH_FILE_ID = #atchFileId#
			AND	
				FILE_SN = #fileSn#			
		]]>	
	</delete>
 	
	<select id="FileManageDAO.getMaxFileSN" parameterClass="FileVO" resultClass="java.lang.Integer">
		<![CDATA[
			SELECT NVL(MAX(FILE_SN),0)+1 AS FILE_SN
			FROM LETTNFILEDETAIL
			WHERE ATCH_FILE_ID =  #atchFileId#		
		]]>
	</select>

 	<select id="FileManageDAO.selectFileInf" parameterClass="FileVO" resultMap="fileDetail" >
 		<![CDATA[
			SELECT 
				ATCH_FILE_ID, FILE_CN, FILE_SN, FILE_STRE_COURS, STRE_FILE_NM,
				FILE_EXTSN, ORIGNL_FILE_NM, FILE_SIZE
			FROM
				LETTNFILEDETAIL
			WHERE
				ATCH_FILE_ID = #atchFileId#
			AND 
				FILE_SN = #fileSn#	
 		]]>
 	</select>

	<update id="FileManageDAO.deleteCOMTNFILE" parameterClass="FileVO" >
		<![CDATA[
			UPDATE LETTNFILE
			SET USE_AT = 'N'
			WHERE ATCH_FILE_ID = #atchFileId#
		]]>
	</update>

 	<select id="FileManageDAO.selectFileListByFileNm" parameterClass="FileVO" resultMap="fileList" >
 		<![CDATA[
 		SELECT * FROM ( SELECT rownum rn, TB.* FROM (
			SELECT 
				a.ATCH_FILE_ID, b.FILE_CN, b.FILE_SN, b.FILE_STRE_COURS, b.STRE_FILE_NM,
				b.FILE_EXTSN, b.ORIGNL_FILE_NM, b.FILE_SIZE, a.CREAT_DT
			FROM
				LETTNFILE a, LETTNFILEDETAIL b
			WHERE
				a.ATCH_FILE_ID = b.ATCH_FILE_ID
			AND 
				a.USE_AT = 'Y'
 		]]>
			<isEqual prepend="AND" property="searchCnd" compareValue="streFileNm">
				<![CDATA[	b.STRE_FILE_NM LIKE '%' || #searchWrd# || '%' 		]]>
			</isEqual>
			<isEqual prepend="AND" property="searchCnd" compareValue="orignlFileNm">
				<![CDATA[	b.ORIGNL_FILE_NM LIKE '%' || #searchWrd# || '%' 		]]>
			</isEqual>	
		<![CDATA[			
			ORDER BY a.ATCH_FILE_ID, b.FILE_SN	
			) TB ) WHERE rn BETWEEN #firstIndex# + 1 AND #firstIndex# + #recordCountPerPage#
		]]>		 		
 	</select>

 	<select id="FileManageDAO.selectFileListCntByFileNm" parameterClass="FileVO" resultClass="java.lang.Integer" >
 		<![CDATA[
			SELECT 
				COUNT(a.ATCH_FILE_ID) as cnt
			FROM
				LETTNFILE a, LETTNFILEDETAIL b
			WHERE
				a.ATCH_FILE_ID = b.ATCH_FILE_ID
			AND 
				a.USE_AT = 'Y'				
 		]]>
			<isEqual prepend="AND" property="searchCnd" compareValue="streFileNm">
				<![CDATA[	b.STRE_FILE_NM LIKE '%' || #searchWrd# || '%' 		]]>
			</isEqual>
			<isEqual prepend="AND" property="searchCnd" compareValue="orignlFileNm">
				<![CDATA[	b.ORIGNL_FILE_NM LIKE '%' || #searchWrd# || '%' 		]]>
			</isEqual>	 		
 	</select>
 	
  	<select id="FileManageDAO.selectImageFileList" parameterClass="FileVO" resultMap="fileList" >
 		<![CDATA[
			SELECT 
				a.ATCH_FILE_ID, b.FILE_CN, b.FILE_SN, b.FILE_STRE_COURS, b.STRE_FILE_NM,
				b.FILE_EXTSN, b.ORIGNL_FILE_NM, b.FILE_SIZE, a.CREAT_DT
			FROM
				LETTNFILE a, LETTNFILEDETAIL b
			WHERE
				a.ATCH_FILE_ID = #atchFileId#
			AND 
				a.ATCH_FILE_ID = b.ATCH_FILE_ID
			AND
				UPPER(b.FILE_EXTSN) IN ('GIF','JPG','BMP','PNG')
			AND 
				a.USE_AT = 'Y'				
			ORDER BY b.FILE_SN	
 		]]>
 	</select>	
 	
</sqlMap>
