<?xml version="1.0" encoding="UTF-8"?>

<!DOCTYPE sqlMap PUBLIC "-//ibatis.apache.org//DTD SQL Map 2.0//EN" "http://ibatis.apache.org/dtd/sql-map-2.dtd">

<sqlMap namespace="UserAbsnce">

    <typeAlias  alias="UserAbsnce" type="mountain.let.uss.ion.uas.service.UserAbsnce"/>
    <typeAlias  alias="UserAbsnceVO" type="mountain.let.uss.ion.uas.service.UserAbsnceVO"/>

    <resultMap id="userAbsnce" class="mountain.let.uss.ion.uas.service.UserAbsnceVO">
        <result property="userId" column="EMPLYR_ID" columnIndex="1"/>
        <result property="userNm" column="USER_NM" columnIndex="2"/>
        <result property="userAbsnceAt" column="USER_ABSNCE_AT" columnIndex="3"/>
        <result property="regYn" column="REG_YN" columnIndex="4"/>
        <result property="lastUpdusrId" column="LAST_UPDUSR_ID" columnIndex="5"/>
        <result property="lastUpdusrPnttm" column="LAST_UPDT_PNTTM" columnIndex="6"/>
    </resultMap>

    <select id="userAbsnceDAO.selectUserAbsnceList" parameterClass="UserAbsnceVO" resultMap="userAbsnce">
        <![CDATA[                
            SELECT  * 
              FROM  (
            SELECT ROWNUM RNUM, ALL_LIST.* 
              FROM  (
            SELECT X.EMPLYR_ID,
                   X.USER_NM,
                   X.USER_ABSNCE_AT,
                   X.REG_YN,
                   X.LAST_UPDUSR_ID,
                   X.LAST_UPDT_PNTTM
              FROM (SELECT  A.EMPLYR_ID, 
                            A.USER_NM,
                           (CASE WHEN B.USER_ABSNCE_AT IS NULL THEN 'N'
                                 ELSE B.USER_ABSNCE_AT 
                             END) AS USER_ABSNCE_AT,
                           (CASE WHEN B.USER_ABSNCE_AT IS NULL THEN 'N'
                                 ELSE 'Y' 
                             END) AS REG_YN,  
                            LAST_UPDUSR_ID,
                            LAST_UPDT_PNTTM
                      FROM  LETTNEMPLYRINFO A LEFT OUTER JOIN LETTNUSERABSNCE B
                        ON  A.EMPLYR_ID = B.EMPLYR_ID
                   ) X
             WHERE 1 = 1
        ]]>              
             <isEqual prepend="AND" property="searchCondition" compareValue="1">
                 X.USER_NM LIKE '%'||#searchKeyword#||'%'
             </isEqual>
             <isNotEqual prepend="AND" property="selAbsnceAt" compareValue="A">
                 X.USER_ABSNCE_AT = #selAbsnceAt#
             </isNotEqual>
        <![CDATA[                 
            ORDER BY LAST_UPDT_PNTTM DESC
                    ) ALL_LIST
                    ) Z
             WHERE  RNUM  > #firstIndex#
               AND  RNUM <= #firstIndex# + #recordCountPerPage#
        ]]>  
            
    </select>

    <select id="userAbsnceDAO.selectUserAbsnceListTotCnt" parameterClass="UserAbsnceVO" resultClass="int">
            SELECT COUNT(*) totcnt
              FROM (SELECT  A.EMPLYR_ID, 
                            A.USER_NM,
                           (CASE WHEN B.USER_ABSNCE_AT IS NULL THEN 'N'
                                 ELSE B.USER_ABSNCE_AT 
                             END) AS USER_ABSNCE_AT,
                           (CASE WHEN B.USER_ABSNCE_AT IS NULL THEN 'N'
                                 ELSE 'Y' 
                             END) AS REG_YN,  
                            LAST_UPDUSR_ID,
                            LAST_UPDT_PNTTM
                      FROM  LETTNEMPLYRINFO A LEFT OUTER JOIN LETTNUSERABSNCE B
                        ON  A.EMPLYR_ID = B.EMPLYR_ID
                   ) X
             WHERE 1 = 1
            <isEqual prepend="AND" property="searchCondition" compareValue="1">
                X.USER_NM LIKE '%'||#searchKeyword#||'%'
            </isEqual>
             <isNotEqual prepend="AND" property="selAbsnceAt" compareValue="A">
                 X.USER_ABSNCE_AT = #selAbsnceAt#
             </isNotEqual>         
    </select>
    
    <select id="userAbsnceDAO.selectUserAbsnce" parameterClass="UserAbsnceVO" resultMap="userAbsnce">
            SELECT A.EMPLYR_ID, 
                   A.USER_NM,
                   (CASE WHEN B.USER_ABSNCE_AT IS NULL THEN 'N'
                         ELSE B.USER_ABSNCE_AT 
                     END) AS USER_ABSNCE_AT,
                   (CASE WHEN B.USER_ABSNCE_AT IS NULL THEN 'N'
                         ELSE 'Y' 
                     END) AS REG_YN,                     
                   LAST_UPDUSR_ID,
                   LAST_UPDT_PNTTM
              FROM LETTNEMPLYRINFO A LEFT OUTER JOIN LETTNUSERABSNCE B
                ON A.EMPLYR_ID = B.EMPLYR_ID
              WHERE 1 = 1
                AND A.EMPLYR_ID = #userId#
    </select>
    
    <insert id="userAbsnceDAO.insertUserAbsnce" parameterClass="UserAbsnce">
            INSERT INTO LETTNUSERABSNCE (
                        EMPLYR_ID,
                        USER_ABSNCE_AT,
                        FRST_REGISTER_ID,
                        FRST_REGIST_PNTTM,
                        LAST_UPDUSR_ID,
                        LAST_UPDT_PNTTM ) 
                VALUES (#userId#,
                        #userAbsnceAt#,
                        #lastUpdusrId#,
                        SYSDATETIME,
                        #lastUpdusrId#,
                        SYSDATETIME)
    </insert>    
    
    <update id="userAbsnceDAO.updateUserAbsnce" parameterClass="UserAbsnce">
            UPDATE LETTNUSERABSNCE
               SET USER_ABSNCE_AT = #userAbsnceAt#,
                   LAST_UPDUSR_ID = #lastUpdusrId#,
                   LAST_UPDT_PNTTM = SYSDATETIME
             WHERE EMPLYR_ID = #userId#
    </update>    
    
    <delete id="userAbsnceDAO.deleteUserAbsnce" parameterClass="UserAbsnce">
        <![CDATA[
            DELETE FROM LETTNUSERABSNCE 
             WHERE EMPLYR_ID = #userId#  
        ]]>
    </delete>  
        
</sqlMap>