<?xml version="1.0" encoding="UTF-8"?>
<!DOCTYPE sqlMap PUBLIC "-//iBATIS.com//DTD SQL Map 2.0//EN" "http://www.ibatis.com/dtd/sql-map-2.dtd">

<sqlMap namespace="RoleManage">

	<typeAlias  alias="mountainMap" type="cmmn.dataaccess.util.MyMap"/>
    <typeAlias  alias="roleManageVO" type="mountain.let.sec.rmt.service.RoleManageVO"/>
    <typeAlias  alias="roleManage" type="mountain.let.sec.rmt.service.RoleManage"/>

    <resultMap id="role" class="mountain.let.sec.rmt.service.RoleManageVO">
        <result property="roleCode" column="ROLE_CODE" columnIndex="1"/>
        <result property="roleNm" column="ROLE_NM" columnIndex="2"/>
        <result property="rolePtn" column="ROLE_PTTRN" columnIndex="3"/>
        <result property="roleDc" column="ROLE_DC" columnIndex="4"/>
        <result property="roleTyp" column="ROLE_TY" columnIndex="5"/>
        <result property="roleSort" column="ROLE_SORT" columnIndex="6"/>
        <result property="roleCreatDe" column="ROLE_CREAT_DE" columnIndex="7"/>
    </resultMap>


    <select id="roleManageDAO.selectRole" resultMap="role">
        <![CDATA[
            SELECT ROLE_CODE, 
                   ROLE_NM, 
                   ROLE_PTTRN, 
                   ROLE_DC, 
                   ROLE_TY, 
                   ROLE_SORT, 
                   ROLE_CREAT_DE
              FROM LETTNROLEINFO
             WHERE ROLE_CODE = #roleCode#		         
        ]]>
    </select>

    <select id="roleManageDAO.selectRoleList" parameterClass="roleManageVO" resultMap="role">
            SELECT ROLE_CODE, 
                   ROLE_NM, 
                   ROLE_PTTRN, 
                   ROLE_DC, 
                   (SELECT CODE_NM 
                      FROM LETTCCMMNDETAILCODE 
                     WHERE CODE_ID = 'COM029' 
                       AND CODE = ROLE_TY) AS ROLE_TY, 
                   ROLE_SORT, 
                   ROLE_CREAT_DE
              FROM LETTNROLEINFO
             WHERE 1=1
            <isEqual prepend="AND" property="searchCondition" compareValue="1">
                ROLE_NM LIKE CONCAT('%' , #searchKeyword#, '%')
            </isEqual>
            ORDER BY ROLE_CREAT_DE DESC
            LIMIT #recordCountPerPage# OFFSET #firstIndex#
    </select>

	<insert id="roleManageDAO.insertRole" parameterClass="roleManage">
		<![CDATA[
			INSERT INTO LETTNROLEINFO 
				  ( ROLE_CODE
				  , ROLE_NM
                  , ROLE_PTTRN
                  , ROLE_DC
                  , ROLE_TY
				  , ROLE_SORT
				  , ROLE_CREAT_DE )
		   VALUES ( #roleCode#
			      , #roleNm#
				  , #rolePtn#
                  , #roleDc#
                  , #roleTyp#
                  , #roleSort#
				  , now())
		]]>
	</insert>

	<update id="roleManageDAO.updateRole" parameterClass="roleManage">
		<![CDATA[
			UPDATE LETTNROLEINFO 
			   SET ROLE_NM=#roleNm#
                 , ROLE_PTTRN=#rolePtn#
                 , ROLE_DC=#roleDc#
                 , ROLE_TY=#roleTyp#
                 , ROLE_SORT=#roleSort#
				 , ROLE_CREAT_DE=now()
		  	 WHERE ROLE_CODE=#roleCode#
		]]>
	</update>

	<delete id="roleManageDAO.deleteRole">
		<![CDATA[
			DELETE FROM LETTNROLEINFO 
			 WHERE ROLE_CODE=#roleCode#
		]]>
	</delete>

	<select id="roleManageDAO.selectAuthorListTotCnt" parameterClass="roleManageVO" resultClass="int">

			SELECT COUNT(*) totcnt
			FROM LETTNROLEINFO
			WHERE 1=1
			<isEqual prepend="AND" property="searchCondition" compareValue="1">
				ROLE_NM LIKE CONCAT('%' , #searchKeyword#, '%')
			</isEqual>
	</select>

    <select id="roleManageDAO.selectRoleAllList" parameterClass="roleManageVO" resultMap="role">
            SELECT ROLE_CODE, ROLE_NM, ROLE_PTTRN, ROLE_DC, ROLE_TY, ROLE_SORT, ROLE_CREAT_DE
              FROM LETTNROLEINFO
    </select>

</sqlMap>
