<?xml version="1.0" encoding="UTF-8"?>
<!DOCTYPE sqlMap PUBLIC "-//iBATIS.com//DTD SQL Map 2.0//EN" "http://www.ibatis.com/dtd/sql-map-2.dtd">

<sqlMap namespace="CmmnClCodeManage">

	<typeAlias  alias="mountainMap"      type="cmmn.dataaccess.util.MyMap"/>
	<typeAlias  alias="CmmnClCodeVO" type="mountain.let.sym.ccm.ccc.service.CmmnClCodeVO"/>
	<typeAlias  alias="CmmnClCode"   type="mountain.let.sym.ccm.ccc.service.CmmnClCode"/>

	<select id="CmmnClCodeManageDAO.selectCmmnClCodeList" parameterClass="CmmnClCodeVO" resultClass="mountainMap">
		<![CDATA[
			SELECT  * 
			  FROM  (
			SELECT ROWNUM RNUM, ALL_LIST.* 
			  FROM  (
			/* 구현 Sql */
			SELECT  CL_CODE
			     ,  CL_CODE_NM
			     ,  USE_AT
			  FROM  LETTCCMMNCLCODE
			 WHERE  1 = 1
		]]>
			<isEqual prepend="AND" property="searchCondition" compareValue="1">
				<![CDATA[CL_CODE LIKE '%' || #searchKeyword# || '%']]>
			</isEqual>
			<isEqual prepend="AND" property="searchCondition" compareValue="2">
				<![CDATA[CL_CODE_NM LIKE '%' || #searchKeyword# || '%']]>
			</isEqual>
			<isEqual prepend="AND" property="searchCondition" compareValue="CodeList">
				<![CDATA[USE_AT        = 'Y']]>
			</isEqual>
		<![CDATA[
			/* 구현 Sql */
				    ) ALL_LIST
				    ) Z
			 WHERE  RNUM  > #firstIndex#
			   AND  RNUM <= #firstIndex# + #recordCountPerPage#
		]]>
	</select>

	<select id="CmmnClCodeManageDAO.selectCmmnClCodeListTotCnt" parameterClass="CmmnClCodeVO" resultClass="int">
		<![CDATA[
			SELECT  COUNT(*) totcnt 
			  FROM  LETTCCMMNCLCODE
			 WHERE  1 = 1
		]]>
			<isEqual prepend="AND" property="searchCondition" compareValue="1">
				<![CDATA[CL_CODE LIKE '%' || #searchKeyword# || '%']]>
			</isEqual>
			<isEqual prepend="AND" property="searchCondition" compareValue="3">
				<![CDATA[CL_CODE_NM LIKE '%' || #searchKeyword# || '%']]>
			</isEqual>
	</select>

	<select id="CmmnClCodeManageDAO.selectCmmnClCodeDetail" parameterClass="CmmnClCode" resultClass="CmmnClCode">
		<![CDATA[
            SELECT  CL_CODE    clCode
			     ,  CL_CODE_NM clCodeNm
                 ,  CL_CODE_DC clCodeDc
                 ,  USE_AT     useAt
              FROM  LETTCCMMNCLCODE
             WHERE  CL_CODE    = #clCode#
		]]>
	</select>

	<insert id="CmmnClCodeManageDAO.insertCmmnClCode">
		<![CDATA[
		    INSERT 
		      INTO  LETTCCMMNCLCODE
		         (  CL_CODE
		         ,  CL_CODE_NM
		         ,  CL_CODE_DC
		         ,  USE_AT
		         ,  FRST_REGIST_PNTTM
		         ,  FRST_REGISTER_ID
		         ,  LAST_UPDT_PNTTM
		         ,  LAST_UPDUSR_ID
		         ) 
		    VALUES  
		         (  #clCode#
		         ,  #clCodeNm#
		         ,  #clCodeDc#
		         ,  #useAt#
		         ,  SYSDATETIME
		         ,  #frstRegisterId#
		         ,  SYSDATETIME
		         ,  #frstRegisterId#
		         ) 
		]]>
	</insert>

	<update id="CmmnClCodeManageDAO.updateCmmnClCode">
		<![CDATA[
            UPDATE  LETTCCMMNCLCODE 
               SET  CL_CODE_NM        = #clCodeNm#
                 ,  CL_CODE_DC        = #clCodeDc#
                 ,  USE_AT            = #useAt#
                 ,  LAST_UPDT_PNTTM = SYSDATETIME
                 ,  LAST_UPDUSR_ID    = #lastUpdusrId#
             WHERE  CL_CODE           = #clCode# 
		]]>
	</update>

	<delete id="CmmnClCodeManageDAO.deleteCmmnClCode">
		<![CDATA[
            UPDATE  LETTCCMMNCLCODE 
               SET  USE_AT  = 'N'
             WHERE  CL_CODE = #clCode# 
		]]>
	</delete>


</sqlMap>            