<?xml version="1.0" encoding="UTF-8"?>
<beans xmlns="http://www.springframework.org/schema/beans" xmlns:xsi="http://www.w3.org/2001/XMLSchema-instance"
    xmlns:aop="http://www.springframework.org/schema/aop"
    xsi:schemaLocation="http://www.springframework.org/schema/beans http://www.springframework.org/schema/beans/spring-beans-4.0.xsd
    	http://www.springframework.org/schema/aop http://www.springframework.org/schema/aop/spring-aop-4.0.xsd">

    <!-- 내부업무의 기능 작동과정에서 Exception 발생시 후처리를 위한 AOP설정  -->
    <aop:config>
        <aop:pointcut id="serviceMethod" expression="execution(* mountain.let..impl.*Impl.*(..)) or execution(* mountain.com..impl.*Impl.*(..)) or execution(* sample..service.*Impl.*(..))" />

        <aop:aspect ref="adviceExceptionTransfer">
            <aop:after-throwing throwing="exception" pointcut-ref="serviceMethod" method="transfer" />
        </aop:aspect>
		<aop:aspect id="aspectChecksSession" ref="adviceSessionTransfer">
			<aop:pointcut id="rangeMntrMthd" 
				expression="execution(public * supporters.._Mntr*.prints*(..))" />
			<aop:before pointcut-ref="rangeMntrMthd" method="transfer" />
		</aop:aspect>
    </aop:config>
    
    <!-- Exception 발생시 후처리를 위해 표준프레임워크 실행환경의 ExceptionTransfer를 활용하도록  설정-->
	<!-- more...
		Join Points and Pointcuts (Chapter 2. The AspectJ Language)
		https://www.eclipse.org/aspectj/doc/next/progguide/language-joinPoints.html
	-->
	<bean id="adviceSessionTransfer"   class="supporters.prxy.SessionTransferAdvice" />
	<bean id="adviceExceptionTransfer" class="cmmn.aspect.ExceptionTransferAdvice">
		<property name="exceptionHandlerService">
			<list>
				<ref bean="defaultExceptionHandleManager" />
				<ref bean="otherExceptionHandleManager" />
			</list>
		</property>
	</bean>

    <!-- Exception 발생에 대한 기본Excpton처리를 위해 표준프레임워크 실행환경의 DefaultExceptionTransfer를 활용하도록  설정-->
    <bean id="defaultExceptionHandleManager" class="cmmn.exception.manager.DefaultExceptionHandleManager">
        <property name="reqExpMatcher">
            <ref bean="antPathMatcher"/>
        </property>
        <property name="patterns">
            <list>
                <!--
                <value>**service.impl.*</value>
                -->
                <value>**service.*</value>
            </list>
        </property>
        <property name="handlers">
            <list>
                <ref bean="comHandler" />
            </list>
        </property>
    </bean>

    <!-- Exception 발생에 대한 기타Excpton처리를 위해 표준프레임워크 실행환경의 DefaultExceptionTransfer를 활용하도록  설정-->
    <bean id="otherExceptionHandleManager" class="cmmn.exception.manager.DefaultExceptionHandleManager">
        <property name="reqExpMatcher">
            <ref bean="antPathMatcher"/>
        </property>
        <property name="patterns">
            <list>
                <!--
                <value>**service.impl.*</value>
                -->
                <value>**service.*</value>
            </list>
        </property>
        <property name="handlers">
            <list>
                <ref bean="otherHandler" />
            </list>
        </property>
    </bean>
    
    <!-- 템플릿 내에서 Exception 발생시 실제 처리를 위한 클래스 설정-->
    <bean id="comHandler"  class="mountain.com.cmm.ComExcepHndlr" />
    <bean id="otherHandler" class="mountain.com.cmm.ComOthersExcepHndlr" />
        
</beans>