<?xml version="1.0" encoding="UTF-8"?>
<beans xmlns="http://www.springframework.org/schema/beans" xmlns:xsi="http://www.w3.org/2001/XMLSchema-instance"
    xsi:schemaLocation="http://www.springframework.org/schema/beans http://www.springframework.org/schema/beans/spring-beans-4.0.xsd">
    
    <!-- 환경설정 기본정보를 globals.properties 에서 참조하도록 propertyConfigurer 설정  -->
    <bean id="propertyConfigurer"
        class="org.springframework.beans.factory.config.PropertyPlaceholderConfigurer">
        <property name="locations">
            <list>
                <value>classpath:/mountain/mountainProps/globals.properties</value>
                <!-- 
                <value>file:/product/jeus/egovProps/globals.properties</value>
                -->
            </list>
        </property>
    </bean>
    
    <!-- datasource 설정(propertyConfigurer 활용) -->
    <alias name="dataSource-${Globals.DbType}" alias="dataSource" />
    <alias name="dataSource-${Globals.DbType}" alias="mountain.dataSource" />
    
    <!-- mysql -->
    <bean id="dataSource-mysql" class="org.apache.commons.dbcp.BasicDataSource" destroy-method="close">
        <property name="driverClassName" value="${Globals.DriverClassName}"/>
        <property name="url" value="${Globals.Url}" />
        <property name="username" value="${Globals.UserName}"/>
        <property name="password" value="${Globals.Password}"/>
    </bean>
    
    <!-- Oracle -->
    <bean id="dataSource-oracle" class="org.apache.commons.dbcp.BasicDataSource" destroy-method="close">
        <property name="driverClassName" value="${Globals.DriverClassName}"/>
        <property name="url" value="${Globals.Url}" />
        <property name="username" value="${Globals.UserName}"/>
        <property name="password" value="${Globals.Password}"/>
    </bean>
    
    <!-- Altibase -->
    <bean id="dataSource-altibase" class="org.apache.commons.dbcp.BasicDataSource" destroy-method="close">
        <property name="driverClassName" value="${Globals.DriverClassName}"/>
        <property name="url" value="${Globals.Url}" />
        <property name="username" value="${Globals.UserName}"/>
        <property name="password" value="${Globals.Password}"/>
        <property name="maxActive" value="10"/>
    </bean>

    <!-- Tibero -->
    <bean id="dataSource-tibero" class="org.apache.commons.dbcp.BasicDataSource" destroy-method="close">
        <property name="driverClassName" value="${Globals.DriverClassName}"/>
        <property name="url" value="${Globals.Url}" />
        <property name="username" value="${Globals.UserName}"/>
        <property name="password" value="${Globals.Password}"/>
    </bean>
	
	<!-- cubrid -->
    <bean id="dataSource-cubrid" class="org.apache.commons.dbcp.BasicDataSource" destroy-method="close">
        <property name="driverClassName" value="${Globals.DriverClassName}"/>
        <property name="url" value="${Globals.Url}" />
        <property name="username" value="${Globals.UserName}"/>
        <property name="password" value="${Globals.Password}"/>
    </bean>
    
</beans>
