<?xml version="1.0" encoding="UTF-8"?>
<beans xmlns="http://www.springframework.org/schema/beans" xmlns:xsi="http://www.w3.org/2001/XMLSchema-instance"
    xsi:schemaLocation="http://www.springframework.org/schema/beans http://www.springframework.org/schema/beans/spring-beans-4.0.xsd">

    <!-- 첨부파일 ID Generation  Config-->
    <bean name="egovFileIdGnrService"
        class="cmmn.idgnr.impl.TableIdGnrServiceImpl"
        destroy-method="destroy">
        <property name="dataSource" ref="dataSource-${Globals.DbType}" />
        <property name="strategy" ref="fileStrategy" />
        <property name="blockSize"  value="10"/>
        <property name="table"      value="IDS"/>
        <property name="tableName"  value="FILE_ID"/>
    </bean>
    <!-- 첨부파일 ID Generation  Strategy Config -->
    <bean name="fileStrategy"
        class="cmmn.idgnr.impl.strategy.IdGnrStrategyImpl">
        <property name="prefix" value="FILE_" />
        <property name="cipers" value="15" />
        <property name="fillChar" value="0" />
    </bean>
    
    <!-- 게시판마스터 ID Generation  Config-->
    <bean name="egovBBSMstrIdGnrService"
        class="cmmn.idgnr.impl.TableIdGnrServiceImpl"
        destroy-method="destroy">
        <property name="dataSource" ref="dataSource" />
        <property name="strategy" ref="bbsMstrStrategy" />
        <property name="blockSize"  value="10"/>
        <property name="table"      value="IDS"/>
        <property name="tableName"  value="BBS_ID"/>
    </bean>
    <!-- 게시판마스터 ID Generation  Strategy Config -->
    <bean name="bbsMstrStrategy"
        class="cmmn.idgnr.impl.strategy.IdGnrStrategyImpl">
        <property name="prefix" value="BBSMSTR_" />
        <property name="cipers" value="12" />
        <property name="fillChar" value="0" />
    </bean>
    
    <!-- 게시판템플릿 ID Generation  Config-->
    <bean name="egovTmplatIdGnrService"
        class="cmmn.idgnr.impl.TableIdGnrServiceImpl"
        destroy-method="destroy">
        <property name="dataSource" ref="dataSource" />
        <property name="strategy" ref="tmplatStrategy" />
        <property name="blockSize"  value="10"/>
        <property name="table"      value="IDS"/>
        <property name="tableName"  value="TMPLAT_ID"/>
    </bean>
    <!-- 게시판템플릿 ID Generation  Strategy Config -->
    <bean name="tmplatStrategy"
        class="cmmn.idgnr.impl.strategy.IdGnrStrategyImpl">
        <property name="prefix" value="TMPLAT_" />
        <property name="cipers" value="13" />
        <property name="fillChar" value="0" />
    </bean>
            
    <!-- 그룹 ID Generation  Config-->
    <bean name="egovGroupIdGnrService"
        class="cmmn.idgnr.impl.TableIdGnrServiceImpl"
        destroy-method="destroy">
        <property name="dataSource" ref="dataSource" />
        <property name="strategy"   ref="groupIdStrategy" />
        <property name="blockSize"  value="10"/>
        <property name="table"      value="IDS"/>
        <property name="tableName"  value="GROUP_ID"/>
    </bean>
    <!-- 그룹 ID Generation  Strategy Config -->
    <bean name="groupIdStrategy"
        class="cmmn.idgnr.impl.strategy.IdGnrStrategyImpl">
        <property name="prefix" value="GROUP_" />
        <property name="cipers" value="14" />
        <property name="fillChar" value="0" />
    </bean> 

    <!-- 롤 ID Generation  Config-->
    <bean name="egovRoleIdGnrService"
        class="cmmn.idgnr.impl.TableIdGnrServiceImpl"
        destroy-method="destroy">
        <property name="dataSource" ref="dataSource" />
        <property name="strategy"   ref="roleIdStrategy" />
        <property name="blockSize"  value="10"/>
        <property name="table"      value="IDS"/>
        <property name="tableName"  value="ROLE_ID"/>
    </bean>
    <!-- 롤 ID Generation  Strategy Config -->
    <bean name="roleIdStrategy"
        class="cmmn.idgnr.impl.strategy.IdGnrStrategyImpl">
        <property name="prefix" value="" />
        <property name="cipers" value="6" />
        <property name="fillChar" value="0" />
    </bean> 
    
    <!-- 접속로그 ID Generation  Config-->        
    <bean name="egovLoginLogIdGnrService"
        class="cmmn.idgnr.impl.TableIdGnrServiceImpl"
        destroy-method="destroy">
        <property name="dataSource" ref="dataSource" />
        <property name="strategy"   ref="loginLogStrategy" />
        <property name="blockSize"  value="10"/>
        <property name="table"      value="IDS"/>
        <property name="tableName"  value="LOGINLOG_ID"/>
    </bean>
    <!-- 접속로그 ID Generation  Strategy Config -->
    <bean name="loginLogStrategy"
        class="cmmn.idgnr.impl.strategy.IdGnrStrategyImpl">
        <property name="prefix" value="LOGIN_" />
        <property name="cipers" value="14" />
        <property name="fillChar" value="0" />
    </bean>
    
    <!-- 사용자 ID Generation  Config-->
    <bean name="egovUsrCnfrmIdGnrService"
        class="cmmn.idgnr.impl.TableIdGnrServiceImpl"
        destroy-method="destroy">
        <property name="dataSource" ref="dataSource" />
        <property name="strategy" ref="usrCnfrmStrategy" />
        <property name="blockSize"  value="10"/>
        <property name="table"      value="IDS"/>
        <property name="tableName"  value="USRCNFRM_ID"/>
    </bean>
    <!-- 사용자 ID Generation  Strategy Config -->
    <bean name="usrCnfrmStrategy"
        class="cmmn.idgnr.impl.strategy.IdGnrStrategyImpl">
        <property name="prefix" value="USRCNFRM_" />
        <property name="cipers" value="11" />
        <property name="fillChar" value="0" />
    </bean>
    
    <!-- System Log... START-->         
    <bean name="egovSysLogIdGnrService"
        class="cmmn.idgnr.impl.TableIdGnrServiceImpl"
        destroy-method="destroy">
        <property name="dataSource" ref="dataSource" />
        <property name="strategy"   ref="sysLogStrategy" />
        <property name="blockSize"  value="10"/>
        <property name="table"      value="COMTECOPSEQ"/>
        <property name="tableName"  value="SYSLOG_ID"/>
    </bean>
    <bean name="sysLogStrategy"
        class="cmmn.idgnr.impl.strategy.IdGnrStrategyImpl">
        <property name="prefix" value="SYSLOG_" />
        <property name="cipers" value="13" />
        <property name="fillChar" value="0" />
    </bean>     
    <!-- System Log... END-->
    
    
    <!-- 공통컴포넌트 3차사업 IDGEN -->
    <!-- 위키북마크 -->
    <bean name="egovWikiBookmarkIdGnrService"
        class="cmmn.idgnr.impl.TableIdGnrServiceImpl"
        destroy-method="destroy">
        <property name="dataSource" ref="mountain.dataSource" />
        <property name="strategy" ref="egovWikiBookmarkIdMsgtrategy" />
        <property name="blockSize"  value="10"/>
        <property name="table"      value="COMTECOPSEQ"/>
        <property name="tableName"  value="WIKI_ID"/>
    </bean>
    <bean name="egovWikiBookmarkIdMsgtrategy"
        class="cmmn.idgnr.impl.strategy.IdGnrStrategyImpl">
        <property name="prefix" value="WIKI" />
        <property name="cipers" value="16" />
        <property name="fillChar" value="0" />
    </bean>
    
    <!-- 지식정보제공/지식정보요청 -->
    <bean name="egovRequestOfferIdGnrService"
        class="cmmn.idgnr.impl.TableIdGnrServiceImpl"
        destroy-method="destroy">
        <property name="dataSource" ref="mountain.dataSource" />
        <property name="strategy" ref="egovRequestOfferIdMsgtrategy" />
        <property name="blockSize"  value="10"/>
        <property name="table"      value="COMTECOPSEQ"/>
        <property name="tableName"  value="KNO_ID2"/>
    </bean>
    <bean name="egovRequestOfferIdMsgtrategy"
        class="cmmn.idgnr.impl.strategy.IdGnrStrategyImpl">
        <property name="prefix" value="KNO_ID2" />
        <property name="cipers" value="13" />
        <property name="fillChar" value="0" />
    </bean>
    <!-- RSS관리 -->
    <bean name="egovRssTagManageIdGnrService"
        class="cmmn.idgnr.impl.TableIdGnrServiceImpl"
        destroy-method="destroy">
        <property name="dataSource" ref="mountain.dataSource" />
        <property name="strategy" ref="egovRssTagManageIdMsgtrategy" />
        <property name="blockSize"  value="10"/>
        <property name="table"      value="COMTECOPSEQ"/>
        <property name="tableName"  value="RSS_ID"/>
    </bean>
    <bean name="egovRssTagManageIdMsgtrategy"
        class="cmmn.idgnr.impl.strategy.IdGnrStrategyImpl">
        <property name="prefix" value="RSS_ID" />
        <property name="cipers" value="14" />
        <property name="fillChar" value="0" />
    </bean>
    
    <!-- 쪽지관리 -->
    <bean name="egovNoteManageIdGnrService"
        class="cmmn.idgnr.impl.TableIdGnrServiceImpl"
        destroy-method="destroy">
        <property name="dataSource" ref="mountain.dataSource" />
        <property name="strategy" ref="egovNoteManageIdMsgtrategy" />
        <property name="blockSize"  value="10"/>
        <property name="table"      value="COMTECOPSEQ"/>
        <property name="tableName"  value="NOTE_ID"/>
    </bean>
    <bean name="egovNoteManageIdMsgtrategy"
        class="cmmn.idgnr.impl.strategy.IdGnrStrategyImpl">
        <property name="prefix" value="NOTE_ID" />
        <property name="cipers" value="13" />
        <property name="fillChar" value="0" />
    </bean>
    
    <!-- 보낸쪽지함관리 -->
    <bean name="egovNoteTrnsmitIdGnrService"
        class="cmmn.idgnr.impl.TableIdGnrServiceImpl"
        destroy-method="destroy">
        <property name="dataSource" ref="mountain.dataSource" />
        <property name="strategy" ref="egovNoteTrnsmitIdMsgtrategy" />
        <property name="blockSize"  value="10"/>
        <property name="table"      value="COMTECOPSEQ"/>
        <property name="tableName"  value="NOTE_TRNSMIT_ID"/>
    </bean>
    <bean name="egovNoteTrnsmitIdMsgtrategy"
        class="cmmn.idgnr.impl.strategy.IdGnrStrategyImpl">
        <property name="prefix" value="NOTE_TR" />
        <property name="cipers" value="13" />
        <property name="fillChar" value="0" />
    </bean>
    
    <!-- 받은쪽지함관리 -->
    <bean name="egovNoteRecptnIdGnrService"
        class="cmmn.idgnr.impl.TableIdGnrServiceImpl"
        destroy-method="destroy">
        <property name="dataSource" ref="mountain.dataSource" />
        <property name="strategy" ref="egovNoteRecptnIdMsgtrategy" />
        <property name="blockSize"  value="10"/>
        <property name="table"      value="COMTECOPSEQ"/>
        <property name="tableName"  value="NOTE_RECPTN_ID"/>
    </bean>
    <bean name="egovNoteRecptnIdMsgtrategy"
        class="cmmn.idgnr.impl.strategy.IdGnrStrategyImpl">
        <property name="prefix" value="NOTE_RE" />
        <property name="cipers" value="13" />
        <property name="fillChar" value="0" />
    </bean>
    
    <!-- 공통컴포넌트 2차사업 IDGEN -->
    <!-- 시스템연계 -->
    <bean name="egovSystemCntcIdGnrService"
        class="cmmn.idgnr.impl.TableIdGnrServiceImpl"
        destroy-method="destroy">
        <property name="dataSource" ref="mountain.dataSource" />
        <property name="strategy" ref="egovSystemCntcIdMsgtrategy" />
        <property name="blockSize"  value="10"/>
        <property name="table"      value="COMTECOPSEQ"/>
        <property name="tableName"  value="CNTC_ID"/>
    </bean>
    <bean name="egovSystemCntcIdMsgtrategy"
        class="cmmn.idgnr.impl.strategy.IdGnrStrategyImpl">
        <property name="prefix" value="CNTC" />
        <property name="cipers" value="4" />
        <property name="fillChar" value="0" />
    </bean>

    <!-- 연계기관 -->
    <bean name="egovCntcInsttIdGnrService"
        class="cmmn.idgnr.impl.TableIdGnrServiceImpl"
        destroy-method="destroy">
        <property name="dataSource" ref="mountain.dataSource" />
        <property name="strategy" ref="egovCntcInsttIdMsgtrategy" />
        <property name="blockSize"  value="10"/>
        <property name="table"      value="COMTECOPSEQ"/>
        <property name="tableName"  value="INSTT_ID"/>
    </bean>
    <bean name="egovCntcInsttIdMsgtrategy"
        class="cmmn.idgnr.impl.strategy.IdGnrStrategyImpl">
        <property name="prefix" value="INS" />
        <property name="cipers" value="5" />
        <property name="fillChar" value="0" />
    </bean>

    <!-- 연계시스템 -->
    <bean name="egovCntcSystemIdGnrService"
        class="cmmn.idgnr.impl.TableIdGnrServiceImpl"
        destroy-method="destroy">
        <property name="dataSource" ref="mountain.dataSource" />
        <property name="strategy" ref="egovCntcSystemIdMsgtrategy" />
        <property name="blockSize"  value="10"/>
        <property name="table"      value="COMTECOPSEQ"/>
        <property name="tableName"  value="SYS_ID"/>
    </bean>
    <bean name="egovCntcSystemIdMsgtrategy"
        class="cmmn.idgnr.impl.strategy.IdGnrStrategyImpl">
        <property name="prefix" value="SYS" />
        <property name="cipers" value="5" />
        <property name="fillChar" value="0" />
    </bean>

    <!-- 연계서비스 -->
    <bean name="egovCntcServiceIdGnrService"
        class="cmmn.idgnr.impl.TableIdGnrServiceImpl"
        destroy-method="destroy">
        <property name="dataSource" ref="mountain.dataSource" />
        <property name="strategy" ref="egovCntcServiceIdMsgtrategy" />
        <property name="blockSize"  value="10"/>
        <property name="table"      value="COMTECOPSEQ"/>
        <property name="tableName"  value="SVC_ID"/>
    </bean>
    <bean name="egovCntcServiceIdMsgtrategy"
        class="cmmn.idgnr.impl.strategy.IdGnrStrategyImpl">
        <property name="prefix" value="SVC" />
        <property name="cipers" value="5" />
        <property name="fillChar" value="0" />
    </bean>

    <!-- 연계메시지 -->
    <bean name="egovCntcMessageIdGnrService"
        class="cmmn.idgnr.impl.TableIdGnrServiceImpl"
        destroy-method="destroy">
        <property name="dataSource" ref="mountain.dataSource" />
        <property name="strategy" ref="egovCntcMessageIdMsgtrategy" />
        <property name="blockSize"  value="10"/>
        <property name="table"      value="COMTECOPSEQ"/>
        <property name="tableName"  value="CNTC_MESSAGE_ID"/>
    </bean>
    <bean name="egovCntcMessageIdMsgtrategy"
        class="cmmn.idgnr.impl.strategy.IdGnrStrategyImpl">
        <property name="prefix" value="MSG" />
        <property name="cipers" value="17" />
        <property name="fillChar" value="0" />
    </bean>

    <!-- 연계메시지항목 -->
    <bean name="egovCntcMessageItemIdGnrService"
        class="cmmn.idgnr.impl.TableIdGnrServiceImpl"
        destroy-method="destroy">
        <property name="dataSource" ref="mountain.dataSource" />
        <property name="strategy" ref="egovCntcMessageItemIdMsgtrategy" />
        <property name="blockSize"  value="10"/>
        <property name="table"      value="COMTECOPSEQ"/>
        <property name="tableName"  value="ITEM_ID"/>
    </bean>
    <bean name="egovCntcMessageItemIdMsgtrategy"
        class="cmmn.idgnr.impl.strategy.IdGnrStrategyImpl">
        <property name="prefix" value="ITM" />
        <property name="cipers" value="17" />
        <property name="fillChar" value="0" />
    </bean>

    <!-- 기관코드 수신 작업일련번호 -->
    <bean name="egovInsttCodeRecptnIdGnrService"
        class="cmmn.idgnr.impl.TableIdGnrServiceImpl"
        destroy-method="destroy">
        <property name="dataSource" ref="mountain.dataSource" />
        <property name="blockSize"  value="10"/>
        <property name="table"      value="COMTECOPSEQ"/>
        <property name="tableName"  value="INSTT_CODE_OPERT"/>
    </bean>

    <!-- 행정코드 수신 작업일련번호 -->
    <bean name="egovAdministCodeRecptnIdGnrService"
        class="cmmn.idgnr.impl.TableIdGnrServiceImpl"
        destroy-method="destroy">
        <property name="dataSource" ref="mountain.dataSource" />
        <property name="blockSize"  value="10"/>
        <property name="table"      value="COMTECOPSEQ"/>
        <property name="tableName"  value="ADMIN_CODE_OPERT"/>
    </bean>

    <!-- 팝업창관리 -->
    <bean name="egovPopupManageIdGnrService"
        class="cmmn.idgnr.impl.TableIdGnrServiceImpl"
        destroy-method="destroy">
        <property name="dataSource" ref="mountain.dataSource" />
        <property name="strategy" ref="egovPopupManageIdMsgtrategy" />
        <property name="blockSize"  value="10"/>
        <property name="table"      value="COMTECOPSEQ"/>
        <property name="tableName"  value="POPUP_ID"/>
    </bean>
    <bean name="egovPopupManageIdMsgtrategy"
        class="cmmn.idgnr.impl.strategy.IdGnrStrategyImpl">
        <property name="prefix" value="POPUP_" />
        <property name="cipers" value="14" />
        <property name="fillChar" value="0" />
    </bean>
    
    <!-- 최근검색어관리 -->
    <bean name="egovSrchwrdManageIdGnrService"
        class="cmmn.idgnr.impl.TableIdGnrServiceImpl"
        destroy-method="destroy">
        <property name="dataSource" ref="mountain.dataSource" />
        <property name="strategy" ref="srchwrdManageIdMsgtrategy" />
        <property name="blockSize"  value="10"/>
        <property name="table"      value="COMTECOPSEQ"/>
        <property name="tableName"  value="SRCHWRD_MANAGEID"/>
    </bean>
    <bean name="srchwrdManageIdMsgtrategy"
        class="cmmn.idgnr.impl.strategy.IdGnrStrategyImpl">
        <property name="prefix" value="SRCMGR_" />
        <property name="cipers" value="13" />
        <property name="fillChar" value="0" />
    </bean>
    <!-- 최근검색어 -->
    <bean name="egovSrchwrdIdGnrService"
        class="cmmn.idgnr.impl.TableIdGnrServiceImpl"
        destroy-method="destroy">
        <property name="dataSource" ref="mountain.dataSource" />
        <property name="strategy" ref="srchwrdIdMsgtrategy" />
        <property name="blockSize"  value="10"/>
        <property name="table"      value="COMTECOPSEQ"/>
        <property name="tableName"  value="SRCHWRD_ID"/>
    </bean>
    <bean name="srchwrdIdMsgtrategy"
        class="cmmn.idgnr.impl.strategy.IdGnrStrategyImpl">
        <property name="prefix" value="SRC_" />
        <property name="cipers" value="16" />
        <property name="fillChar" value="0" />
    </bean>
    
    
    <!-- 행정전문용어사전 -->
    <bean name="egovAdministrationWordIdGnrService"
        class="cmmn.idgnr.impl.TableIdGnrServiceImpl"
        destroy-method="destroy">
        <property name="dataSource" ref="mountain.dataSource" />
        <property name="strategy" ref="administrationWordIdMsgtrategy" />
        <property name="blockSize"  value="10"/>
        <property name="table"      value="COMTECOPSEQ"/>
        <property name="tableName"  value="ADMINIST_WORD_ID"/>
    </bean>
    <bean name="administrationWordIdMsgtrategy"
        class="cmmn.idgnr.impl.strategy.IdGnrStrategyImpl">
        <property name="prefix" value="ADMINIST_" />
        <property name="cipers" value="11" />
        <property name="fillChar" value="0" />
    </bean> 
    
    <!-- 개정정보보호정책확인 -->
    <bean name="egovIndvdlInfoPolicyIdGnrService"
        class="cmmn.idgnr.impl.TableIdGnrServiceImpl"
        destroy-method="destroy">
        <property name="dataSource" ref="mountain.dataSource" />
        <property name="strategy" ref="indvdlInfoPolicyIdMsgtrategy" />
        <property name="blockSize"  value="10"/>
        <property name="table"      value="COMTECOPSEQ"/>
        <property name="tableName"  value="INDVDL_INFO_ID"/>
    </bean>
    <bean name="indvdlInfoPolicyIdMsgtrategy"
        class="cmmn.idgnr.impl.strategy.IdGnrStrategyImpl">
        <property name="prefix" value="INDVDL_" />
        <property name="cipers" value="13" />
        <property name="fillChar" value="0" />
    </bean> 
    
    <!-- 통합링크 -->
    <bean name="egovUnityLinkIdGnrService"
        class="cmmn.idgnr.impl.TableIdGnrServiceImpl"
        destroy-method="destroy">
        <property name="dataSource" ref="mountain.dataSource" />
        <property name="strategy" ref="unityLinkIdMsgtrategy" />
        <property name="blockSize"  value="10"/>
        <property name="table"      value="COMTECOPSEQ"/>
        <property name="tableName"  value="UNITY_LINK_ID"/>
    </bean>
    <bean name="unityLinkIdMsgtrategy"
        class="cmmn.idgnr.impl.strategy.IdGnrStrategyImpl">
        <property name="prefix" value="ULINK_" />
        <property name="cipers" value="14" />
        <property name="fillChar" value="0" />
    </bean> 
    
    <!-- 온라인메뉴얼 -->
    <bean name="egovOnlineMenualIdGnrService"
        class="cmmn.idgnr.impl.TableIdGnrServiceImpl"
        destroy-method="destroy">
        <property name="dataSource" ref="mountain.dataSource" />
        <property name="strategy" ref="onlineMenualMsgtrategy" />
        <property name="blockSize"  value="10"/>
        <property name="table"      value="COMTECOPSEQ"/>
        <property name="tableName"  value="ONLINE_MUL_ID"/>
    </bean>
    <bean name="onlineMenualMsgtrategy"
        class="cmmn.idgnr.impl.strategy.IdGnrStrategyImpl">
        <property name="prefix" value="OMUL_" />
        <property name="cipers" value="15" />
        <property name="fillChar" value="0" />
    </bean> 
    
    <!-- 온라인POLL관리 -->      
    <bean name="egovOnlinePollManageIdGnrService"
        class="cmmn.idgnr.impl.TableIdGnrServiceImpl"
        destroy-method="destroy">
        <property name="dataSource" ref="mountain.dataSource" />
        <property name="strategy" ref="onlinePollManageMsgtrategy" />
        <property name="blockSize"  value="10"/>
        <property name="table"      value="COMTECOPSEQ"/>
        <property name="tableName"  value="POLL_MGR_ID"/>
    </bean>
    <bean name="onlinePollManageMsgtrategy"
        class="cmmn.idgnr.impl.strategy.IdGnrStrategyImpl">
        <property name="prefix" value="POLLMGR_" />
        <property name="cipers" value="12" />
        <property name="fillChar" value="0" />
    </bean> 
    <!-- 온라인POLL항목 -->
    <bean name="egovOnlinePollItemIdGnrService"
        class="cmmn.idgnr.impl.TableIdGnrServiceImpl"
        destroy-method="destroy">
        <property name="dataSource" ref="mountain.dataSource" />
        <property name="strategy" ref="onlinePollItemMsgtrategy" />
        <property name="blockSize"  value="10"/>
        <property name="table"      value="COMTECOPSEQ"/>
        <property name="tableName"  value="POLL_IEM_ID"/>
    </bean>
    <bean name="onlinePollItemMsgtrategy"
        class="cmmn.idgnr.impl.strategy.IdGnrStrategyImpl">
        <property name="prefix" value="POLLIEM_" />
        <property name="cipers" value="12" />
        <property name="fillChar" value="0" />
    </bean> 
    <!-- 온라인POLL결과-->
    <bean name="egovOnlinePollResultIdGnrService"
        class="cmmn.idgnr.impl.TableIdGnrServiceImpl"
        destroy-method="destroy">
        <property name="dataSource" ref="mountain.dataSource" />
        <property name="strategy" ref="onlinePollResultMsgtrategy" />
        <property name="blockSize"  value="10"/>
        <property name="table"      value="COMTECOPSEQ"/>
        <property name="tableName"  value="POLL_RUT_ID"/>
    </bean>
    <bean name="onlinePollResultMsgtrategy"
        class="cmmn.idgnr.impl.strategy.IdGnrStrategyImpl">
        <property name="prefix" value="POLLRUT_" />
        <property name="cipers" value="12" />
        <property name="fillChar" value="0" />
    </bean> 
    
    <!-- TO BE DLEETED START-->
    <!--
    <bean name="egovIdGnrService"
        class="cmmn.idgnr.impl.TableIdGnrServiceImpl"
        destroy-method="destroy">
        <property name="dataSource" ref="mountain.dataSource" />
        <property name="strategy" ref="mixPrefixSample" />
        <property name="blockSize"  value="10"/>
        <property name="table"      value="ids"/>
        <property name="tableName"  value="COMTNWORDDICARYINFO"/>
    </bean>

    <bean name="mixPrefixSample"
        class="cmmn.idgnr.impl.strategy.IdGnrStrategyImpl">
        <property name="prefix" value="SAMPLE-" />
        <property name="cipers" value="5" />
        <property name="fillChar" value="0" />
    </bean>
    -->
	<bean name="idGnrService" class="cmmn.idgnr.impl.TableIdGnrServiceImpl" destroy-method="destroy">
		<property name="dataSource" ref="mountain.dataSource" />
		<property name="strategy" 	ref="mixPrefixSample" />
		<property name="blockSize" 	value="10"/>
		<property name="table"	   	value="IDS"/>
		<property name="tableName"	value="SAMPLE"/>
	</bean>
	<bean name="mixPrefixSample" class="cmmn.idgnr.impl.strategy.IdGnrStrategyImpl">
		<property name="prefix"   value="SAMPLE-" />
		<property name="cipers"   value="5" />
		<property name="fillChar" value="0" />
	</bean>	
    <!-- TO BE DLEETED END-->
    
    <!-- 게시판용 NTT_ID 생성 -->
    <bean name="egovNttIdGnrService"
        class="cmmn.idgnr.impl.TableIdGnrServiceImpl"
        destroy-method="destroy">
        <property name="dataSource" ref="mountain.dataSource" />
        <property name="strategy" ref="nttIdStrategy" />
        <property name="blockSize"  value="10"/>
        <property name="table"      value="COMTECOPSEQ"/>
        <property name="tableName"  value="NTT_ID"/>
    </bean>
    <bean name="nttIdStrategy"
        class="cmmn.idgnr.impl.strategy.IdGnrStrategyImpl">
        <property name="cipers" value="20" />
    </bean> 
        
    <bean name="egovClbIdGnrService"
        class="cmmn.idgnr.impl.TableIdGnrServiceImpl"
        destroy-method="destroy">
        <property name="dataSource" ref="mountain.dataSource" />
        <property name="strategy" ref="clbStrategy" />
        <property name="blockSize"  value="10"/>
        <property name="table"      value="COMTECOPSEQ"/>
        <property name="tableName"  value="CLB_ID"/>
    </bean>
    <bean name="clbStrategy"
        class="cmmn.idgnr.impl.strategy.IdGnrStrategyImpl">
        <property name="prefix" value="CLB_" />
        <property name="cipers" value="16" />
        <property name="fillChar" value="0" />
    </bean> 
        
    <bean name="egovCmmntyIdGnrService"
        class="cmmn.idgnr.impl.TableIdGnrServiceImpl"
        destroy-method="destroy">
        <property name="dataSource" ref="mountain.dataSource" />
        <property name="strategy" ref="cmmntyStrategy" />
        <property name="blockSize"  value="10"/>
        <property name="table"      value="COMTECOPSEQ"/>
        <property name="tableName"  value="CMMNTY_ID"/>
    </bean>
    <bean name="cmmntyStrategy"
        class="cmmn.idgnr.impl.strategy.IdGnrStrategyImpl">
        <property name="prefix" value="CMMNTY_" />
        <property name="cipers" value="13" />
        <property name="fillChar" value="0" />
    </bean>         

    <bean name="egovMailMsgIdGnrService"
        class="cmmn.idgnr.impl.TableIdGnrServiceImpl"
        destroy-method="destroy">
        <property name="dataSource" ref="mountain.dataSource" />
        <property name="strategy" ref="mailMsgtrategy" />
        <property name="blockSize"  value="10"/>
        <property name="table"      value="COMTECOPSEQ"/>
        <property name="tableName"  value="MAILMSG_ID"/>
    </bean>
    <bean name="mailMsgtrategy"
        class="cmmn.idgnr.impl.strategy.IdGnrStrategyImpl">
        <property name="prefix" value="MAILMSG_" />
        <property name="cipers" value="12" />
        <property name="fillChar" value="0" />
    </bean> 
            
    <bean name="egovRestDeIdGnrService"
        class="cmmn.idgnr.impl.TableIdGnrServiceImpl"
        destroy-method="destroy">
        <property name="dataSource" ref="mountain.dataSource" />
        <property name="blockSize"  value="10"/>
        <property name="table"      value="COMTECOPSEQ"/>
        <property name="tableName"  value="RESTDE_ID"/>
    </bean>
            
    <!-- WordDicary... START-->         
    <bean name="egovWordDicaryIdGnrService"
        class="cmmn.idgnr.impl.TableIdGnrServiceImpl"
        destroy-method="destroy">
        <property name="dataSource" ref="mountain.dataSource" />
        <property name="strategy"   ref="wordDicaryStrategy" />
        <property name="blockSize"  value="10"/>
        <property name="table"      value="COMTECOPSEQ"/>
        <property name="tableName"  value="WORD_ID"/>
    </bean>

    <bean name="wordDicaryStrategy"
        class="cmmn.idgnr.impl.strategy.IdGnrStrategyImpl">
        <property name="prefix" value="WORDDICARY_" />
        <property name="cipers" value="9" />
        <property name="fillChar" value="0" />
    </bean>     
    <!-- WordDicary... END-->   

    <!-- 회의관리 -->   
    <bean name="egovMgtIdGnrService"
        class="cmmn.idgnr.impl.TableIdGnrServiceImpl"
        destroy-method="destroy">
        <property name="dataSource" ref="mountain.dataSource" />
        <property name="strategy" ref="mgtMsgtrategy" />
        <property name="blockSize"  value="10"/>
        <property name="table"      value="COMTECOPSEQ"/>
        <property name="tableName"  value="MTG_ID"/>
    </bean>
    <bean name="mgtMsgtrategy"
        class="cmmn.idgnr.impl.strategy.IdGnrStrategyImpl">
        <property name="prefix" value="MTG_" />
        <property name="cipers" value="16" />
        <property name="fillChar" value="0" />
    </bean> 
    
    <!-- 행사/이벤트/켐페인 -->     
    <bean name="egovEventInfoIdGnrService"
        class="cmmn.idgnr.impl.TableIdGnrServiceImpl"
        destroy-method="destroy">
        <property name="dataSource" ref="mountain.dataSource" />
        <property name="strategy" ref="mgtEventInfotrategy" />
        <property name="blockSize"  value="10"/>
        <property name="table"      value="COMTECOPSEQ"/>
        <property name="tableName"  value="EVENTINFO_ID"/>
    </bean>
    <bean name="mgtEventInfotrategy"
        class="cmmn.idgnr.impl.strategy.IdGnrStrategyImpl">
        <property name="prefix" value="EVENT_" />
        <property name="cipers" value="14" />
        <property name="fillChar" value="0" />
    </bean> 
    
    <!-- 외부인사정보 -->     
    <bean name="egovExtrlhrInfoIdGnrService"
        class="cmmn.idgnr.impl.TableIdGnrServiceImpl"
        destroy-method="destroy">
        <property name="dataSource" ref="mountain.dataSource" />
        <property name="strategy" ref="mgtExtrlhrInfotrategy" />
        <property name="blockSize"  value="10"/>
        <property name="table"      value="COMTECOPSEQ"/>
        <property name="tableName"  value="EXTRLHRINFO_ID"/>
    </bean>
    <bean name="mgtExtrlhrInfotrategy"
        class="cmmn.idgnr.impl.strategy.IdGnrStrategyImpl">
        <property name="prefix" value="EXTRLHR_" />
        <property name="cipers" value="12" />
        <property name="fillChar" value="0" />
    </bean>

    <!-- 설문템플릿 -->  
        <bean name="egovQustnrTmplatManageIdGnrService"
        class="cmmn.idgnr.impl.TableIdGnrServiceImpl"
        destroy-method="destroy">
        <property name="dataSource" ref="mountain.dataSource" />
        <property name="strategy" ref="QustnrTmplatManageInfotrategy" />
        <property name="blockSize"  value="10"/>
        <property name="table"      value="COMTECOPSEQ"/>
        <property name="tableName"  value="QUSTNRTMPLA_ID"/>
    </bean>
    <bean name="QustnrTmplatManageInfotrategy"
        class="cmmn.idgnr.impl.strategy.IdGnrStrategyImpl">
        <property name="prefix" value="QTMPLA_" />
        <property name="cipers" value="13" />
        <property name="fillChar" value="0" />
    </bean>
    <!-- 설문관리 -->
    <bean name="egovQustnrManageIdGnrService"
        class="cmmn.idgnr.impl.TableIdGnrServiceImpl"
        destroy-method="destroy">
        <property name="dataSource" ref="mountain.dataSource" />
        <property name="strategy" ref="QustnrManageInfotrategy" />
        <property name="blockSize"  value="10"/>
        <property name="table"      value="COMTECOPSEQ"/>
        <property name="tableName"  value="QUSTNRTMPLA_ID"/>
    </bean>
    <bean name="QustnrManageInfotrategy"
        class="cmmn.idgnr.impl.strategy.IdGnrStrategyImpl">
        <property name="prefix" value="QMANAGE_" />
        <property name="cipers" value="12" />
        <property name="fillChar" value="0" />
    </bean>
    <!-- 설문문항  -->
    <bean name="egovQustnrQestnManageIdGnrService"
        class="cmmn.idgnr.impl.TableIdGnrServiceImpl"
        destroy-method="destroy">
        <property name="dataSource" ref="mountain.dataSource" />
        <property name="strategy" ref="QustnrQestnManageInfotrategy" />
        <property name="blockSize"  value="10"/>
        <property name="table"      value="COMTECOPSEQ"/>
        <property name="tableName"  value="QUSTNRQESTN_ID"/>
    </bean>
    <bean name="QustnrQestnManageInfotrategy"
        class="cmmn.idgnr.impl.strategy.IdGnrStrategyImpl">
        <property name="prefix" value="QQESTN_" />
        <property name="cipers" value="13" />
        <property name="fillChar" value="0" />
    </bean>
    <!-- 설문항목 -->
    <bean name="egovQustnrItemManageIdGnrService"
        class="cmmn.idgnr.impl.TableIdGnrServiceImpl"
        destroy-method="destroy">
        <property name="dataSource" ref="mountain.dataSource" />
        <property name="strategy" ref="QustnrItemManageInfotrategy" />
        <property name="blockSize"  value="10"/>
        <property name="table"      value="COMTECOPSEQ"/>
        <property name="tableName"  value="QESTNR_QESITM_ID"/>
    </bean>
    <bean name="QustnrItemManageInfotrategy"
        class="cmmn.idgnr.impl.strategy.IdGnrStrategyImpl">
        <property name="prefix" value="QESITM_" />
        <property name="cipers" value="13" />
        <property name="fillChar" value="0" />
    </bean>
    <!-- 설문응답자정보 -->
    <bean name="qustnrRespondManageIdGnrService"
        class="cmmn.idgnr.impl.TableIdGnrServiceImpl"
        destroy-method="destroy">
        <property name="dataSource" ref="mountain.dataSource" />
        <property name="strategy" ref="QustnrRespondManageInfotrategy" />
        <property name="blockSize"  value="10"/>
        <property name="table"      value="COMTECOPSEQ"/>
        <property name="tableName"  value="QESTNR_RPD_ID"/>
    </bean>
    <bean name="QustnrRespondManageInfotrategy"
        class="cmmn.idgnr.impl.strategy.IdGnrStrategyImpl">
        <property name="prefix" value="QRPD_" />
        <property name="cipers" value="15" />
        <property name="fillChar" value="0" />
    </bean>
    
    <!-- 설문조사 -->
    <bean name="qustnrRespondInfoIdGnrService"
        class="cmmn.idgnr.impl.TableIdGnrServiceImpl"
        destroy-method="destroy">
        <property name="dataSource" ref="mountain.dataSource" />
        <property name="strategy" ref="QustnrRespondInfotrategy" />
        <property name="blockSize"  value="10"/>
        <property name="table"      value="COMTECOPSEQ"/>
        <property name="tableName"  value="QESRSPNS_ID"/>
    </bean>
    <bean name="QustnrRespondInfotrategy"
        class="cmmn.idgnr.impl.strategy.IdGnrStrategyImpl">
        <property name="prefix" value="QRSPNS_" />
        <property name="cipers" value="13" />
        <property name="fillChar" value="0" />
    </bean>
    
    <!-- 부서일정관리 -->
    <bean name="deptSchdulManageIdGnrService"
        class="cmmn.idgnr.impl.TableIdGnrServiceImpl"
        destroy-method="destroy">
        <property name="dataSource" ref="mountain.dataSource" />
        <property name="strategy" ref="DeptSchdulManageStrategy" />
        <property name="blockSize"  value="10"/>
        <property name="table"      value="COMTECOPSEQ"/>
        <property name="tableName"  value="SCHDUL_ID"/>
    </bean>
    <bean name="DeptSchdulManageStrategy"
        class="cmmn.idgnr.impl.strategy.IdGnrStrategyImpl">
        <property name="prefix" value="SCHDUL_" />
        <property name="cipers" value="13" />
        <property name="fillChar" value="0" />
    </bean>
    <!-- 일정관리 -->
    <bean name="diaryManageIdGnrService"
        class="cmmn.idgnr.impl.TableIdGnrServiceImpl"
        destroy-method="destroy">
        <property name="dataSource" ref="mountain.dataSource" />
        <property name="strategy" ref="DiaryManageInfotrategy" />
        <property name="blockSize"  value="10"/>
        <property name="table"      value="COMTECOPSEQ"/>
        <property name="tableName"  value="DIARY_ID"/>
    </bean>
    <bean name="DiaryManageInfotrategy"
        class="cmmn.idgnr.impl.strategy.IdGnrStrategyImpl">
        <property name="prefix" value="DIARY_" />
        <property name="cipers" value="14" />
        <property name="fillChar" value="0" />
    </bean>
    
    <!-- SiteManage... START-->         
    <bean name="egovSiteManageIdGnrService"
        class="cmmn.idgnr.impl.TableIdGnrServiceImpl"
        destroy-method="destroy">
        <property name="dataSource" ref="mountain.dataSource" />
        <property name="strategy"   ref="siteManageStrategy" />
        <property name="blockSize"  value="10"/>
        <property name="table"      value="COMTECOPSEQ"/>
        <property name="tableName"  value="SITE_ID"/>
    </bean>

    <bean name="siteManageStrategy"
        class="cmmn.idgnr.impl.strategy.IdGnrStrategyImpl">
        <property name="prefix" value="SITE_" />
        <property name="cipers" value="15" />
        <property name="fillChar" value="0" />
    </bean>     
    <!-- SiteManage... END-->   
    
    <!-- RecomendSiteManage... START-->         
    <bean name="egovRecomendSiteManageIdGnrService"
        class="cmmn.idgnr.impl.TableIdGnrServiceImpl"
        destroy-method="destroy">
        <property name="dataSource" ref="mountain.dataSource" />
        <property name="strategy"   ref="recomendSiteManageStrategy" />
        <property name="blockSize"  value="10"/>
        <property name="table"      value="COMTECOPSEQ"/>
        <property name="tableName"  value="RECOMEND_SITE_ID"/>
    </bean>

    <bean name="recomendSiteManageStrategy"
        class="cmmn.idgnr.impl.strategy.IdGnrStrategyImpl">
        <property name="prefix" value="RECOMEND_" />
        <property name="cipers" value="11" />
        <property name="fillChar" value="0" />
    </bean>     
    <!-- RecomendSiteManage... END-->   

    <!-- HPCMManage... START-->         
    <bean name="egovHpcmManageIdGnrService"
        class="cmmn.idgnr.impl.TableIdGnrServiceImpl"
        destroy-method="destroy">
        <property name="dataSource" ref="mountain.dataSource" />
        <property name="strategy"   ref="hpcmManageStrategy" />
        <property name="blockSize"  value="10"/>
        <property name="table"      value="COMTECOPSEQ"/>
        <property name="tableName"  value="HPCM_ID"/>
    </bean>

    <bean name="hpcmManageStrategy"
        class="cmmn.idgnr.impl.strategy.IdGnrStrategyImpl">
        <property name="prefix" value="HPCM_" />
        <property name="cipers" value="15" />
        <property name="fillChar" value="0" />
    </bean>     
    <!-- HPCMManage... END-->
    
    <!-- NewsManage... START-->         
    <bean name="egovNewsManageIdGnrService"
        class="cmmn.idgnr.impl.TableIdGnrServiceImpl"
        destroy-method="destroy">
        <property name="dataSource" ref="mountain.dataSource" />
        <property name="strategy"   ref="newsManageStrategy" />
        <property name="blockSize"  value="10"/>
        <property name="table"      value="COMTECOPSEQ"/>
        <property name="tableName"  value="NEWS_ID"/>
    </bean>

    <bean name="newsManageStrategy"
        class="cmmn.idgnr.impl.strategy.IdGnrStrategyImpl">
        <property name="prefix" value="NEWS_" />
        <property name="cipers" value="15" />
        <property name="fillChar" value="0" />
    </bean>     
    <!-- NewsManage... END-->       
    
    <!-- FaqManage... START-->          
    <bean name="egovFaqManageIdGnrService"
        class="cmmn.idgnr.impl.TableIdGnrServiceImpl"
        destroy-method="destroy">
        <property name="dataSource" ref="mountain.dataSource" />
        <property name="strategy"   ref="faqManageStrategy" />
        <property name="blockSize"  value="10"/>
        <property name="table"      value="COMTECOPSEQ"/>
        <property name="tableName"  value="FAQ_ID"/>
    </bean>

    <bean name="faqManageStrategy"
        class="cmmn.idgnr.impl.strategy.IdGnrStrategyImpl">
        <property name="prefix" value="FAQ_" />
        <property name="cipers" value="16" />
        <property name="fillChar" value="0" />
    </bean>     
    <!-- FaqManage... END-->        
    
    <!--  명함 -->
        <bean name="egovNcrdIdGnrService"
        class="cmmn.idgnr.impl.TableIdGnrServiceImpl"
        destroy-method="destroy">
        <property name="dataSource" ref="mountain.dataSource" />
        <property name="strategy"   ref="ncrdIdStrategy" />
        <property name="blockSize"  value="10"/>
        <property name="table"      value="COMTECOPSEQ"/>
        <property name="tableName"  value="NCRD_ID"/>
    </bean>

    <bean name="ncrdIdStrategy"
        class="cmmn.idgnr.impl.strategy.IdGnrStrategyImpl">
        <property name="prefix" value="NCRD_" />
        <property name="cipers" value="15" />
        <property name="fillChar" value="0" />
    </bean> 
    <!-- 주소록 -->
    <bean name="egovAdbkIdGnrService"
        class="cmmn.idgnr.impl.TableIdGnrServiceImpl"
        destroy-method="destroy">
        <property name="dataSource" ref="mountain.dataSource" />
        <property name="strategy"   ref="adbkIdStrategy" />
        <property name="blockSize"  value="10"/>
        <property name="table"      value="COMTECOPSEQ"/>
        <property name="tableName"  value="ADBK_ID"/>
    </bean>
    <bean name="adbkIdStrategy"
        class="cmmn.idgnr.impl.strategy.IdGnrStrategyImpl">
        <property name="prefix" value="ADBK_" />
        <property name="cipers" value="15" />
        <property name="fillChar" value="0" />
    </bean> 
    <bean name="egovAdbkUserIdGnrService"
        class="cmmn.idgnr.impl.TableIdGnrServiceImpl"
        destroy-method="destroy">
        <property name="dataSource" ref="mountain.dataSource" />
        <property name="strategy"   ref="adbkUserIdStrategy" />
        <property name="blockSize"  value="10"/>
        <property name="table"      value="COMTECOPSEQ"/>
        <property name="tableName"  value="ADBKUSER_ID"/>
    </bean>
    <bean name="adbkUserIdStrategy"
        class="cmmn.idgnr.impl.strategy.IdGnrStrategyImpl">
        <property name="prefix" value="ADBKUSER_" />
        <property name="cipers" value="11" />
        <property name="fillChar" value="0" />
    </bean> 
    
    <!-- StplatManage... START-->           
    <bean name="egovStplatManageIdGnrService"
        class="cmmn.idgnr.impl.TableIdGnrServiceImpl"
        destroy-method="destroy">
        <property name="dataSource" ref="mountain.dataSource" />
        <property name="strategy"   ref="stplatManageStrategy" />
        <property name="blockSize"  value="10"/>
        <property name="table"      value="COMTECOPSEQ"/>
        <property name="tableName"  value="USE_STPLAT_ID"/>
    </bean>

    <bean name="stplatManageStrategy"
        class="cmmn.idgnr.impl.strategy.IdGnrStrategyImpl">
        <property name="prefix" value="STPLAT_" />
        <property name="cipers" value="13" />
        <property name="fillChar" value="0" />
    </bean>     
    <!-- StplatManage... END-->     

    <!-- CpyrhtPrtcPolicy... START-->           
    <bean name="egovCpyrhtPrtcPolicyIdGnrService"
        class="cmmn.idgnr.impl.TableIdGnrServiceImpl"
        destroy-method="destroy">
        <property name="dataSource" ref="mountain.dataSource" />
        <property name="strategy"   ref="cpyrhtPrtcPolicyStrategy" />
        <property name="blockSize"  value="10"/>
        <property name="table"      value="COMTECOPSEQ"/>
        <property name="tableName"  value="CPYRHT_ID"/>
    </bean>

    <bean name="cpyrhtPrtcPolicyStrategy"
        class="cmmn.idgnr.impl.strategy.IdGnrStrategyImpl">
        <property name="prefix" value="CPYRHT_" />
        <property name="cipers" value="13" />
        <property name="fillChar" value="0" />
    </bean>     
    <!-- CpyrhtPrtcPolicy... END-->
    
    <!-- Qna... START-->            
    <bean name="egovQnaManageIdGnrService"
        class="cmmn.idgnr.impl.TableIdGnrServiceImpl"
        destroy-method="destroy">
        <property name="dataSource" ref="mountain.dataSource" />
        <property name="strategy"   ref="qnaManageStrategy" />
        <property name="blockSize"  value="10"/>
        <property name="table"      value="COMTECOPSEQ"/>
        <property name="tableName"  value="QA_ID"/>
    </bean>

    <bean name="qnaManageStrategy"
        class="cmmn.idgnr.impl.strategy.IdGnrStrategyImpl">
        <property name="prefix" value="QA_" />
        <property name="cipers" value="17" />
        <property name="fillChar" value="0" />
    </bean>     
    <!-- Qna... END-->      
            
    <!-- Cnslt... START-->          
    <bean name="egovCnsltManageIdGnrService"
        class="cmmn.idgnr.impl.TableIdGnrServiceImpl"
        destroy-method="destroy">
        <property name="dataSource" ref="mountain.dataSource" />
        <property name="strategy"   ref="cnsltManageStrategy" />
        <property name="blockSize"  value="10"/>
        <property name="table"      value="COMTECOPSEQ"/>
        <property name="tableName"  value="CNSLT_ID"/>
    </bean>

    <bean name="cnsltManageStrategy"
        class="cmmn.idgnr.impl.strategy.IdGnrStrategyImpl">
        <property name="prefix" value="CNSLT_" />
        <property name="cipers" value="14" />
        <property name="fillChar" value="0" />
    </bean>     
    <!-- Cnslt... END-->        

    <!-- Web Log... START-->            
    <bean name="egovWebLogIdGnrService"
        class="cmmn.idgnr.impl.TableIdGnrServiceImpl"
        destroy-method="destroy">
        <property name="dataSource" ref="mountain.dataSource" />
        <property name="strategy"   ref="webLogStrategy" />
        <property name="blockSize"  value="10"/>
        <property name="table"      value="COMTECOPSEQ"/>
        <property name="tableName"  value="WEBLOG_ID"/>
    </bean>

    <bean name="webLogStrategy"
        class="cmmn.idgnr.impl.strategy.IdGnrStrategyImpl">
        <property name="prefix" value="WEBLOG_" />
        <property name="cipers" value="13" />
        <property name="fillChar" value="0" />
    </bean>     
    <!-- Web Log... END-->      
        
    <!-- Trsmrcv Log... START-->            
    <bean name="egovTrsmrcvLogIdGnrService"
        class="cmmn.idgnr.impl.TableIdGnrServiceImpl"
        destroy-method="destroy">
        <property name="dataSource" ref="mountain.dataSource" />
        <property name="strategy"   ref="trsmrcvLogStrategy" />
        <property name="blockSize"  value="10"/>
        <property name="table"      value="COMTECOPSEQ"/>
        <property name="tableName"  value="TRSMRCVLOG_ID"/>
    </bean>

    <bean name="trsmrcvLogStrategy"
        class="cmmn.idgnr.impl.strategy.IdGnrStrategyImpl">
        <property name="prefix" value="TRSMRCV_" />
        <property name="cipers" value="12" />
        <property name="fillChar" value="0" />
    </bean>     
    <!-- Trsmrcv Log... END-->      
        
    <!--  배너 ID -->
    <bean name="egovBannerIdGnrService"
        class="cmmn.idgnr.impl.TableIdGnrServiceImpl"
        destroy-method="destroy">
        <property name="dataSource" ref="mountain.dataSource" />
        <property name="strategy"   ref="bannerIdStrategy" />
        <property name="blockSize"  value="10"/>
        <property name="table"      value="COMTECOPSEQ"/>
        <property name="tableName"  value="BANNER_ID"/>
    </bean>

    <bean name="bannerIdStrategy"
        class="cmmn.idgnr.impl.strategy.IdGnrStrategyImpl">
        <property name="prefix" value="BANNER_" />
        <property name="cipers" value="13" />
        <property name="fillChar" value="0" />
    </bean> 
    <!-- 배너 ID -->

    <!--  로그인화면이미지 ID -->
    <bean name="egovLoginScrinImageIdGnrService"
        class="cmmn.idgnr.impl.TableIdGnrServiceImpl"
        destroy-method="destroy">
        <property name="dataSource" ref="mountain.dataSource" />
        <property name="strategy"   ref="loginScrinImageIdStrategy" />
        <property name="blockSize"  value="10"/>
        <property name="table"      value="COMTECOPSEQ"/>
        <property name="tableName"  value="LSI_ID"/>
    </bean>

    <bean name="loginScrinImageIdStrategy"
        class="cmmn.idgnr.impl.strategy.IdGnrStrategyImpl">
        <property name="prefix" value="LSI_" />
        <property name="cipers" value="16" />
        <property name="fillChar" value="0" />
    </bean> 
    <!-- 로그인화면이미지 ID -->

    <!-- 메인화면이미지 ID -->
    <bean name="egovMainImageIdGnrService"
        class="cmmn.idgnr.impl.TableIdGnrServiceImpl"
        destroy-method="destroy">
        <property name="dataSource" ref="mountain.dataSource" />
        <property name="strategy"   ref="mainImageIdStrategy" />
        <property name="blockSize"  value="10"/>
        <property name="table"      value="COMTECOPSEQ"/>
        <property name="tableName"  value="MSI_ID"/>
    </bean>

    <bean name="mainImageIdStrategy"
        class="cmmn.idgnr.impl.strategy.IdGnrStrategyImpl">
        <property name="prefix" value="MSI_" />
        <property name="cipers" value="16" />
        <property name="fillChar" value="0" />
    </bean> 
    <!-- 메인화면이미지 ID -->

    <!-- 인터넷서비스안내 ID -->
    <bean name="egovIntnetSvcGuidanceIdGnrService"
        class="cmmn.idgnr.impl.TableIdGnrServiceImpl"
        destroy-method="destroy">
        <property name="dataSource" ref="mountain.dataSource" />
        <property name="strategy"   ref="mainImageIdStrategy" />
        <property name="blockSize"  value="10"/>
        <property name="table"      value="COMTECOPSEQ"/>
        <property name="tableName"  value="ISG_ID"/>
    </bean>

    <bean name="intnetSvcGuidanceIdStrategy"
        class="cmmn.idgnr.impl.strategy.IdGnrStrategyImpl">
        <property name="prefix" value="ISG_" />
        <property name="cipers" value="16" />
        <property name="fillChar" value="0" />
    </bean> 
    <!-- 인터넷서비스안내 ID -->  
    
    <!--  마이페이지 컨텐츠 ID -->
    <bean name="egovIndvdlPgeIdGnrService"
        class="cmmn.idgnr.impl.TableIdGnrServiceImpl"
        destroy-method="destroy">
        <property name="dataSource" ref="mountain.dataSource" />
        <property name="strategy"   ref="cntntsIdStrategy" />
        <property name="blockSize"  value="10"/>
        <property name="table"      value="COMTECOPSEQ"/>
        <property name="tableName"  value="CNTNTS_ID"/>
    </bean>
    <bean name="cntntsIdStrategy"
        class="cmmn.idgnr.impl.strategy.IdGnrStrategyImpl">
        <property name="prefix" value="C" />
        <property name="cipers" value="19" />
        <property name="fillChar" value="0" />
    </bean> 
    <!-- 마이페이지 컨텐츠 ID -->       

    <!-- 보고서통계 ID -->
    <bean name="egovReprtStatsIdGnrService"
        class="cmmn.idgnr.impl.TableIdGnrServiceImpl"
        destroy-method="destroy">
        <property name="dataSource" ref="mountain.dataSource" />
        <property name="strategy"   ref="reprtStatsIdStrategy" />
        <property name="blockSize"  value="10"/>
        <property name="table"      value="COMTECOPSEQ"/>
        <property name="tableName"  value="RS_ID"/>
    </bean>

    <bean name="reprtStatsIdStrategy"
        class="cmmn.idgnr.impl.strategy.IdGnrStrategyImpl">
        <property name="prefix" value="RS_" />
        <property name="cipers" value="3" />
        <property name="fillChar" value="0" />
    </bean> 
    <!-- 보고서통계 ID -->        
    
    <!-- 자료이용현황통계 ID -->
    <bean name="egovDtaUseStatsIdGnrService"
        class="cmmn.idgnr.impl.TableIdGnrServiceImpl"
        destroy-method="destroy">
        <property name="dataSource" ref="mountain.dataSource" />
        <property name="strategy"   ref="dtaUseStatsIdStrategy" />
        <property name="blockSize"  value="10"/>
        <property name="table"      value="COMTECOPSEQ"/>
        <property name="tableName"  value="DUS_ID"/>
    </bean>

    <bean name="dtaUseStatsIdStrategy"
        class="cmmn.idgnr.impl.strategy.IdGnrStrategyImpl">
        <property name="prefix" value="DUS_" />
        <property name="cipers" value="16" />
        <property name="fillChar" value="0" />
    </bean> 
    <!-- 자료이용현황통계 ID -->    
    
    <bean name="egovSmsIdGnrService"
        class="cmmn.idgnr.impl.TableIdGnrServiceImpl"
        destroy-method="destroy">
        <property name="dataSource" ref="mountain.dataSource" />
        <property name="strategy" ref="smsStrategy" />
        <property name="blockSize"  value="10"/>
        <property name="table"      value="COMTECOPSEQ"/>
        <property name="tableName"  value="SMS_ID"/>
    </bean>
    <bean name="smsStrategy"
        class="cmmn.idgnr.impl.strategy.IdGnrStrategyImpl">
        <property name="prefix" value="SMS_" />
        <property name="cipers" value="16" />
        <property name="fillChar" value="0" />
    </bean>     
    
    <bean name="egovScrapIdGnrService"
        class="cmmn.idgnr.impl.TableIdGnrServiceImpl"
        destroy-method="destroy">
        <property name="dataSource" ref="mountain.dataSource" />
        <property name="strategy" ref="scrapStrategy" />
        <property name="blockSize"  value="10"/>
        <property name="table"      value="COMTECOPSEQ"/>
        <property name="tableName"  value="SCRAP_ID"/>
    </bean>
    <bean name="scrapStrategy"
        class="cmmn.idgnr.impl.strategy.IdGnrStrategyImpl">
        <property name="prefix" value="SCRIP_" />
        <property name="cipers" value="14" />
        <property name="fillChar" value="0" />
    </bean>                 
    
    <!--  부서 ID -->
    <bean name="egovDeptManageIdGnrService"
        class="cmmn.idgnr.impl.TableIdGnrServiceImpl"
        destroy-method="destroy">
        <property name="dataSource" ref="mountain.dataSource" />
        <property name="strategy"   ref="orgnztIdStrategy" />
        <property name="blockSize"  value="10"/>
        <property name="table"      value="COMTECOPSEQ"/>
        <property name="tableName"  value="ORGNZT_ID"/>
    </bean>

    <bean name="orgnztIdStrategy"
        class="cmmn.idgnr.impl.strategy.IdGnrStrategyImpl">
        <property name="prefix" value="ORGNZT_" />
        <property name="cipers" value="13" />
        <property name="fillChar" value="0" />
    </bean> 
    <!-- 부서 ID -->  
    
    <!--  네트워크 ID -->
    <bean name="egovNtwrkIdGnrService"
        class="cmmn.idgnr.impl.TableIdGnrServiceImpl"
        destroy-method="destroy">
        <property name="dataSource" ref="mountain.dataSource" />
        <property name="strategy"   ref="ntwrkIdStrategy" />
        <property name="blockSize"  value="10"/>
        <property name="table"      value="COMTECOPSEQ"/>
        <property name="tableName"  value="NTWRK_ID"/>
    </bean>

    <bean name="ntwrkIdStrategy"
        class="cmmn.idgnr.impl.strategy.IdGnrStrategyImpl">
        <property name="prefix" value="NID_" />
        <property name="cipers" value="16" />
        <property name="fillChar" value="0" />
    </bean> 
    <!-- 네트워크 ID -->     
    
    <!-- 서버장비 ID -->
    <bean name="egovServerEqpmnIdGnrService"
        class="cmmn.idgnr.impl.TableIdGnrServiceImpl"
        destroy-method="destroy">
        <property name="dataSource" ref="mountain.dataSource" />
        <property name="strategy"   ref="ServerEqpmnIdStrategy" />
        <property name="blockSize"  value="10"/>
        <property name="table"      value="COMTECOPSEQ"/>
        <property name="tableName"  value="SEVEQ_ID"/>
    </bean>

    <bean name="ServerEqpmnIdStrategy"
        class="cmmn.idgnr.impl.strategy.IdGnrStrategyImpl">
        <property name="prefix" value="SVE_" />
        <property name="cipers" value="16" />
        <property name="fillChar" value="0" />
    </bean> 
    <!-- 서버장비 ID -->
    
    <!-- 서버 ID -->
    <bean name="egovServerIdGnrService"
        class="cmmn.idgnr.impl.TableIdGnrServiceImpl"
        destroy-method="destroy">
        <property name="dataSource" ref="mountain.dataSource" />
        <property name="strategy"   ref="ServerIdStrategy" />
        <property name="blockSize"  value="10"/>
        <property name="table"      value="COMTECOPSEQ"/>
        <property name="tableName"  value="SERVER_ID"/>
    </bean>

    <bean name="ServerIdStrategy"
        class="cmmn.idgnr.impl.strategy.IdGnrStrategyImpl">
        <property name="prefix" value="SRV_" />
        <property name="cipers" value="16" />
        <property name="fillChar" value="0" />
    </bean> 
    <!-- 서버 ID -->
    
    <!-- 장애 ID -->
    <bean name="egovTroblIdGnrService"
        class="cmmn.idgnr.impl.TableIdGnrServiceImpl"
        destroy-method="destroy">
        <property name="dataSource" ref="mountain.dataSource" />
        <property name="strategy"   ref="TroblIdStrategy" />
        <property name="blockSize"  value="10"/>
        <property name="table"      value="COMTECOPSEQ"/>
        <property name="tableName"  value="TROBL_ID"/>
    </bean>

    <bean name="TroblIdStrategy"
        class="cmmn.idgnr.impl.strategy.IdGnrStrategyImpl">
        <property name="prefix" value="TBM_" />
        <property name="cipers" value="16" />
        <property name="fillChar" value="0" />
    </bean> 
    <!-- 장애 ID --> 


    <!--  동기화대상 서버 ID -->
    <bean name="egovSynchrnServerIdGnrService"
        class="cmmn.idgnr.impl.TableIdGnrServiceImpl"
        destroy-method="destroy">
        <property name="dataSource" ref="mountain.dataSource" />
        <property name="strategy"   ref="SynchrnServerIdStrategy" />
        <property name="blockSize"  value="10"/>
        <property name="table"      value="COMTECOPSEQ"/>
        <property name="tableName"  value="SYNCHRNSERVER_ID"/>
    </bean>

    <bean name="SynchrnServerIdStrategy"
        class="cmmn.idgnr.impl.strategy.IdGnrStrategyImpl">
        <property name="prefix" value="SSY_" />
        <property name="cipers" value="16" />
        <property name="fillChar" value="0" />
    </bean> 
    <!--  동기화대상 서버 ID -->


    <!--  회의실관리 ID -->
    <bean name="egovMtgPlaceManageIdGnrService"
        class="cmmn.idgnr.impl.TableIdGnrServiceImpl"
        destroy-method="destroy">
        <property name="dataSource" ref="mountain.dataSource" />
        <property name="strategy"   ref="mtgPlaceManageIdStrategy" />
        <property name="blockSize"  value="10"/>
        <property name="table"      value="COMTECOPSEQ"/>
        <property name="tableName"  value="MTG_PLACE_ID"/>
    </bean>

    <bean name="mtgPlaceManageIdStrategy"
        class="cmmn.idgnr.impl.strategy.IdGnrStrategyImpl">
        <property name="prefix" value="MTGP_" />
        <property name="cipers" value="15" />
        <property name="fillChar" value="0" />
    </bean> 
    <!-- 회의실관리 ID -->   
  
    <!--  회의실예약 ID -->
    <bean name="egovMtgPlaceResveIdGnrService"
        class="cmmn.idgnr.impl.TableIdGnrServiceImpl"
        destroy-method="destroy">
        <property name="dataSource" ref="mountain.dataSource" />
        <property name="strategy"   ref="mtgPlaceResveIdStrategy" />
        <property name="blockSize"  value="10"/>
        <property name="table"      value="COMTECOPSEQ"/>
        <property name="tableName"  value="RESVE_ID"/>
    </bean>

    <bean name="mtgPlaceResveIdStrategy"
        class="cmmn.idgnr.impl.strategy.IdGnrStrategyImpl">
        <property name="prefix" value="RESVE_" />
        <property name="cipers" value="14" />
        <property name="fillChar" value="0" />
    </bean> 
    <!-- 회의실예약 ID -->

    <!--  행사 ID -->
    <bean name="egovEventManageIdGnrService"
        class="cmmn.idgnr.impl.TableIdGnrServiceImpl"
        destroy-method="destroy">
        <property name="dataSource" ref="mountain.dataSource" />
        <property name="strategy"   ref="eventManageEventIdStrategy" />
        <property name="blockSize"  value="10"/>
        <property name="table"      value="COMTECOPSEQ"/>
        <property name="tableName"  value="EVENT_ID"/>
    </bean>

    <bean name="eventManageEventIdStrategy"
        class="cmmn.idgnr.impl.strategy.IdGnrStrategyImpl">
        <property name="prefix" value="EVENT_" />
        <property name="cipers" value="14" />
        <property name="fillChar" value="0" />
    </bean> 
    <!-- 행사 ID -->

    <!--  행사접수 ID -->
    <bean name="egovEventAtdrnIdGnrService"
        class="cmmn.idgnr.impl.TableIdGnrServiceImpl"
        destroy-method="destroy">
        <property name="dataSource" ref="mountain.dataSource" />
        <property name="strategy"   ref="eventAtdrnApplcntIdStrategy" />
        <property name="blockSize"  value="10"/>
        <property name="table"      value="COMTECOPSEQ"/>
        <property name="tableName"  value="APPLCNT_ID"/>
    </bean>

    <bean name="eventAtdrnApplcntIdStrategy"
        class="cmmn.idgnr.impl.strategy.IdGnrStrategyImpl">
        <property name="prefix" value="APPLCNT_" />
        <property name="cipers" value="12" />
        <property name="fillChar" value="0" />
    </bean> 
    <!-- 행사접수 ID -->

    <!--  포상 ID -->
    <bean name="egovRwardManageIdGnrService"
        class="cmmn.idgnr.impl.TableIdGnrServiceImpl"
        destroy-method="destroy">
        <property name="dataSource" ref="mountain.dataSource" />
        <property name="strategy"   ref="rwardManageIdStrategy" />
        <property name="blockSize"  value="10"/>
        <property name="table"      value="COMTECOPSEQ"/>
        <property name="tableName"  value="RWARD_ID"/>
    </bean>

    <bean name="rwardManageIdStrategy"
        class="cmmn.idgnr.impl.strategy.IdGnrStrategyImpl">
        <property name="prefix" value="RWARD_" />
        <property name="cipers" value="14" />
        <property name="fillChar" value="0" />
    </bean> 
    <!-- 포상 ID -->

    <!--  경조사 ID -->
    <bean name="egovCtsnnManageIdGnrService"
        class="cmmn.idgnr.impl.TableIdGnrServiceImpl"
        destroy-method="destroy">
        <property name="dataSource" ref="mountain.dataSource" />
        <property name="strategy"   ref="ctsnnManageIdStrategy" />
        <property name="blockSize"  value="10"/>
        <property name="table"      value="COMTECOPSEQ"/>
        <property name="tableName"  value="CTSNN_ID"/>
    </bean>

    <bean name="ctsnnManageIdStrategy"
        class="cmmn.idgnr.impl.strategy.IdGnrStrategyImpl">
        <property name="prefix" value="CTSNN_" />
        <property name="cipers" value="14" />
        <property name="fillChar" value="0" />
    </bean> 
    <!-- 경조사 ID -->

    <!--  기념일 ID -->
    <bean name="egovAnnvrsryManageIdGnrService"
        class="cmmn.idgnr.impl.TableIdGnrServiceImpl"
        destroy-method="destroy">
        <property name="dataSource" ref="mountain.dataSource" />
        <property name="strategy"   ref="annvrsryManageIdStrategy" />
        <property name="blockSize"  value="10"/>
        <property name="table"      value="COMTECOPSEQ"/>
        <property name="tableName"  value="ANN_ID"/>
    </bean>

    <bean name="annvrsryManageIdStrategy"
        class="cmmn.idgnr.impl.strategy.IdGnrStrategyImpl">
        <property name="prefix" value="ANN_" />
        <property name="cipers" value="16" />
        <property name="fillChar" value="0" />
    </bean> 
    <!-- 기념일 ID -->


    <!-- 간부일정 -->
    <bean name="egovLeaderSchdulIdGnrService"
        class="cmmn.idgnr.impl.TableIdGnrServiceImpl"
        destroy-method="destroy">
        <property name="dataSource" ref="mountain.dataSource" />
        <property name="strategy" ref="LeaderSchdulStrategy" />
        <property name="blockSize"  value="10"/>
        <property name="table"      value="COMTECOPSEQ"/>
        <property name="tableName"  value="LEADER_SCHDUL_ID"/>
    </bean>
    <bean name="LeaderSchdulStrategy"
        class="cmmn.idgnr.impl.strategy.IdGnrStrategyImpl">
        <property name="prefix" value="LDSCHDUL_" />
        <property name="cipers" value="11" />
        <property name="fillChar" value="0" />
    </bean>
    <!-- 간부일정 -->
    
    <!-- 부서업무함 -->
    <bean name="egovDeptJobBxIdGnrService"
        class="cmmn.idgnr.impl.TableIdGnrServiceImpl"
        destroy-method="destroy">
        <property name="dataSource" ref="mountain.dataSource" />
        <property name="strategy" ref="DeptJobBxStrategy" />
        <property name="blockSize"  value="10"/>
        <property name="table"      value="COMTECOPSEQ"/>
        <property name="tableName"  value="DEPT_JOB_BX_ID"/>
    </bean>
    <bean name="DeptJobBxStrategy"
        class="cmmn.idgnr.impl.strategy.IdGnrStrategyImpl">
        <property name="prefix" value="DX_" />
        <property name="cipers" value="3" />
        <property name="fillChar" value="0" />
    </bean>
    <!-- 부서업무함 -->
    
    <!-- 부서업무 -->
    <bean name="egovDeptJobIdGnrService"
        class="cmmn.idgnr.impl.TableIdGnrServiceImpl"
        destroy-method="destroy">
        <property name="dataSource" ref="mountain.dataSource" />
        <property name="strategy" ref="DeptJobStrategy" />
        <property name="blockSize"  value="10"/>
        <property name="table"      value="COMTECOPSEQ"/>
        <property name="tableName"  value="DEPT_JOB_ID"/>
    </bean>
    <bean name="DeptJobStrategy"
        class="cmmn.idgnr.impl.strategy.IdGnrStrategyImpl">
        <property name="prefix" value="DEPTJOB_" />
        <property name="cipers" value="12" />
        <property name="fillChar" value="0" />
    </bean>
    <!-- 부서업무 -->
    
    <!-- 주간/월간 보고 -->
    <bean name="egovWikMnthngReprtIdGnrService"
        class="cmmn.idgnr.impl.TableIdGnrServiceImpl"
        destroy-method="destroy">
        <property name="dataSource" ref="mountain.dataSource" />
        <property name="strategy" ref="WikMnthngReprtStrategy" />
        <property name="blockSize"  value="10"/>
        <property name="table"      value="COMTECOPSEQ"/>
        <property name="tableName"  value="WIKMNTHNG_REPRT"/>
    </bean>
    <bean name="WikMnthngReprtStrategy"
        class="cmmn.idgnr.impl.strategy.IdGnrStrategyImpl">
        <property name="prefix" value="WR" />
        <property name="cipers" value="4" />
        <property name="fillChar" value="0" />
    </bean>
    <!-- 주간/월간 보고 -->
    
    <!-- 메모 할일 -->
    <bean name="egovMemoTodoIdGnrService"
        class="cmmn.idgnr.impl.TableIdGnrServiceImpl"
        destroy-method="destroy">
        <property name="dataSource" ref="mountain.dataSource" />
        <property name="strategy" ref="MemoTodoStrategy" />
        <property name="blockSize"  value="10"/>
        <property name="table"      value="COMTECOPSEQ"/>
        <property name="tableName"  value="MEMO_TODO_ID"/>
    </bean>
    <bean name="MemoTodoStrategy"
        class="cmmn.idgnr.impl.strategy.IdGnrStrategyImpl">
        <property name="prefix" value="MEMOTODO_" />
        <property name="cipers" value="11" />
        <property name="fillChar" value="0" />
    </bean>
    <!-- 메모 할일 -->
    
    <!-- 메모 보고 -->
    <bean name="egovMemoReprtIdGnrService"
        class="cmmn.idgnr.impl.TableIdGnrServiceImpl"
        destroy-method="destroy">
        <property name="dataSource" ref="mountain.dataSource" />
        <property name="strategy" ref="MemoReprtStrategy" />
        <property name="blockSize"  value="10"/>
        <property name="table"      value="COMTECOPSEQ"/>
        <property name="tableName"  value="MEMO_REPRT"/>
    </bean>
    <bean name="MemoReprtStrategy"
        class="cmmn.idgnr.impl.strategy.IdGnrStrategyImpl">
        <property name="prefix" value="MR" />
        <property name="cipers" value="4" />
        <property name="fillChar" value="0" />
    </bean>
    <!-- 메모 보고 -->
    
    <!-- 약식 결재 -->
    <bean name="egovInfrmlSanctnIdGnrService"
        class="cmmn.idgnr.impl.TableIdGnrServiceImpl"
        destroy-method="destroy">
        <property name="dataSource" ref="mountain.dataSource" />
        <property name="strategy" ref="InfrmlSanctnStrategy" />
        <property name="blockSize"  value="10"/>
        <property name="table"      value="COMTECOPSEQ"/>
        <property name="tableName"  value="INFRML_SANCTN"/>
    </bean>
    <bean name="InfrmlSanctnStrategy"
        class="cmmn.idgnr.impl.strategy.IdGnrStrategyImpl">
        <property name="prefix" value="SANCTN_" />
        <property name="cipers" value="13" />
        <property name="fillChar" value="0" />
    </bean>
    <!-- 약식 결재 -->

    <!--  DB서비스모니터링 ID -->
    <bean name="egovDbMntrngLogIdGnrService"
        class="cmmn.idgnr.impl.TableIdGnrServiceImpl"
        destroy-method="destroy">
        <property name="dataSource" ref="mountain.dataSource" />
        <property name="strategy"   ref="dbMntrngLogIdStrategy" />
        <property name="blockSize"  value="10"/>
        <property name="table"      value="COMTECOPSEQ"/>
        <property name="tableName"  value="DB_MNTRNG_LOG_ID"/>
    </bean>

    <bean name="dbMntrngLogIdStrategy"
        class="cmmn.idgnr.impl.strategy.IdGnrStrategyImpl">
        <property name="prefix" value="" />
        <property name="cipers" value="20" />
        <property name="fillChar" value="0" />
    </bean> 
    <!-- DB서비스모니터링 ID -->   

    <!--  송수신모니터링 ID -->
    <bean name="egovTrsmrcvMntrngLogIdGnrService"
        class="cmmn.idgnr.impl.TableIdGnrServiceImpl"
        destroy-method="destroy">
        <property name="dataSource" ref="mountain.dataSource" />
        <property name="strategy"   ref="trsmrcvMntrngLogIdStrategy" />
        <property name="blockSize"  value="10"/>
        <property name="table"      value="COMTECOPSEQ"/>
        <property name="tableName"  value="TR_MNTRNG_LOG_ID"/>
    </bean>

    <bean name="trsmrcvMntrngLogIdStrategy"
        class="cmmn.idgnr.impl.strategy.IdGnrStrategyImpl">
        <property name="prefix" value="" />
        <property name="cipers" value="20" />
        <property name="fillChar" value="0" />
    </bean> 
    <!-- 송수신모니터링 ID -->     

    <!--  배치작업 ID -->
    <bean name="egovBatchOpertIdGnrService"
        class="cmmn.idgnr.impl.TableIdGnrServiceImpl"
        destroy-method="destroy">
        <property name="dataSource" ref="mountain.dataSource" />
        <property name="strategy"   ref="batchOpertIdStrategy" />
        <property name="blockSize"  value="10"/>
        <property name="table"      value="COMTECOPSEQ"/>
        <property name="tableName"  value="BATCH_OPERT_ID"/>
    </bean>
    <bean name="batchOpertIdStrategy"
        class="cmmn.idgnr.impl.strategy.IdGnrStrategyImpl">
        <property name="prefix" value="BAT" />
        <property name="cipers" value="17" />
        <property name="fillChar" value="0" />
    </bean> 
    <!-- 배치작업 ID -->
    
    <!-- 배치스케줄 ID -->
    <bean name="egovBatchSchdulIdGnrService"
        class="cmmn.idgnr.impl.TableIdGnrServiceImpl"
        destroy-method="destroy">
        <property name="dataSource" ref="mountain.dataSource" />
        <property name="strategy"   ref="batchSchdulIdStrategy" />
        <property name="blockSize"  value="10"/>
        <property name="table"      value="COMTECOPSEQ"/>
        <property name="tableName"  value="BATCH_SCHDUL_ID"/>
    </bean>
    <bean name="batchSchdulIdStrategy"
        class="cmmn.idgnr.impl.strategy.IdGnrStrategyImpl">
        <property name="prefix" value="BSC" />
        <property name="cipers" value="17" />
        <property name="fillChar" value="0" />
    </bean> 
    <!-- 배치스케줄 ID -->     

    <!-- 배치결과 ID -->
    <bean name="egovBatchResultIdGnrService"
        class="cmmn.idgnr.impl.TableIdGnrServiceImpl"
        destroy-method="destroy">
        <property name="dataSource" ref="mountain.dataSource" />
        <property name="strategy"   ref="batchResultIdStrategy" />
        <property name="blockSize"  value="10"/>
        <property name="table"      value="COMTECOPSEQ"/>
        <property name="tableName"  value="BATCH_RESULT_ID"/>
    </bean>
    <bean name="batchResultIdStrategy"
        class="cmmn.idgnr.impl.strategy.IdGnrStrategyImpl">
        <property name="prefix" value="BRT" />
        <property name="cipers" value="17" />
        <property name="fillChar" value="0" />
    </bean> 
    <!-- 배치결과 ID -->   
      
    <!--  파일시스템모니터링 ID -->
    <bean name="egovFileSysMntrngIdGnrService"
        class="cmmn.idgnr.impl.TableIdGnrServiceImpl"
        destroy-method="destroy">
        <property name="dataSource" ref="mountain.dataSource" />
        <property name="strategy"   ref="fileSysMntrngIdStrategy" />
        <property name="blockSize"  value="10"/>
        <property name="table"      value="COMTECOPSEQ"/>
        <property name="tableName"  value="FILESYS_MNTRNG"/>
    </bean>

    <bean name="fileSysMntrngIdStrategy"
        class="cmmn.idgnr.impl.strategy.IdGnrStrategyImpl">
        <property name="prefix" value="FILESYS_" />
        <property name="cipers" value="12" />
        <property name="fillChar" value="0" />
    </bean> 
    <!-- 파일시스템모니터링 ID --> 
    
    <!--  네트워크서비스모니터링 로그 ID -->
    <bean name="egovNtwrkSvcMntrngLogIdGnrService"
        class="cmmn.idgnr.impl.TableIdGnrServiceImpl"
        destroy-method="destroy">
        <property name="dataSource" ref="mountain.dataSource" />
        <property name="strategy"   ref="ntwrkSvcMntrngLogIdStrategy" />
        <property name="blockSize"  value="10"/>
        <property name="table"      value="COMTECOPSEQ"/>
        <property name="tableName"  value="NTWRKSVC_LOGID"/>
    </bean>

    <bean name="ntwrkSvcMntrngLogIdStrategy"
        class="cmmn.idgnr.impl.strategy.IdGnrStrategyImpl">
        <property name="prefix" value="" />
        <property name="cipers" value="20" />
        <property name="fillChar" value="0" />
    </bean> 
    <!-- 네트워크서비스모니터링 로그 ID -->    
    
    <!--  파일시스템모니터링 로그 ID -->
    <bean name="egovFileSysMntrngLogIdGnrService"
        class="cmmn.idgnr.impl.TableIdGnrServiceImpl"
        destroy-method="destroy">
        <property name="dataSource" ref="mountain.dataSource" />
        <property name="strategy"   ref="fileSysMntrngLogIdStrategy" />
        <property name="blockSize"  value="10"/>
        <property name="table"      value="COMTECOPSEQ"/>
        <property name="tableName"  value="FILESYS_LOGID"/>
    </bean>

    <bean name="fileSysMntrngLogIdStrategy"
        class="cmmn.idgnr.impl.strategy.IdGnrStrategyImpl">
        <property name="prefix" value="" />
        <property name="cipers" value="20" />
        <property name="fillChar" value="0" />
    </bean> 
    <!-- 파일시스템모니터링 로그 ID --> 
    
    <!--  프록시서비스 ID -->
    <bean name="egovProxySvcIdGnrService"
        class="cmmn.idgnr.impl.TableIdGnrServiceImpl"
        destroy-method="destroy">
        <property name="dataSource" ref="mountain.dataSource" />
        <property name="strategy"   ref="ProxySvcIdStrategy" />
        <property name="blockSize"  value="10"/>
        <property name="table"      value="COMTECOPSEQ"/>
        <property name="tableName"  value="PROXYSVC_ID"/>
    </bean>

    <bean name="ProxySvcIdStrategy"
        class="cmmn.idgnr.impl.strategy.IdGnrStrategyImpl">
        <property name="prefix" value="PXY_" />
        <property name="cipers" value="16" />
        <property name="fillChar" value="0" />
    </bean> 
    <!--  프록시서비스 ID -->
        
    <!--  프록시Log ID -->
    <bean name="egovProxyLogIdGnrService"
        class="cmmn.idgnr.impl.TableIdGnrServiceImpl"
        destroy-method="destroy">
        <property name="dataSource" ref="mountain.dataSource" />
        <property name="strategy"   ref="ProxyLogIdStrategy" />
        <property name="blockSize"  value="10"/>
        <property name="table"      value="COMTECOPSEQ"/>
        <property name="tableName"  value="PROXYLOG_ID"/>
    </bean>

    <bean name="ProxyLogIdStrategy"
        class="cmmn.idgnr.impl.strategy.IdGnrStrategyImpl">
        <property name="prefix" value="PLG_" />
        <property name="cipers" value="16" />
        <property name="fillChar" value="0" />
    </bean> 
    <!--  프록시Log ID -->

    <!-- knoManage... START-->          
    <bean name="egovDamManageIdGnrService"
        class="cmmn.idgnr.impl.TableIdGnrServiceImpl"
        destroy-method="destroy">
        <property name="dataSource" ref="mountain.dataSource" />
        <property name="strategy"   ref="damManageStrategy" />
        <property name="blockSize"  value="10"/>
        <property name="table"      value="COMTECOPSEQ"/>
        <property name="tableName"  value="DAM_ID"/>
    </bean>

    <bean name="damManageStrategy"
        class="cmmn.idgnr.impl.strategy.IdGnrStrategyImpl">
        <property name="prefix" value="DMID_" />
        <property name="cipers" value="15" />
        <property name="fillChar" value="0" />
    </bean>     
    <!-- NewsManage... END-->   
                    
    <!--  백업작업 ID -->
    <bean name="egovBackupOpertIdGnrService"
        class="cmmn.idgnr.impl.TableIdGnrServiceImpl"
        destroy-method="destroy">
        <property name="dataSource" ref="mountain.dataSource" />
        <property name="strategy"   ref="backupOpertIdStrategy" />
        <property name="blockSize"  value="10"/>
        <property name="table"      value="COMTECOPSEQ"/>
        <property name="tableName"  value="BACKUP_OPERT_ID"/>
    </bean>
    <bean name="backupOpertIdStrategy"
        class="cmmn.idgnr.impl.strategy.IdGnrStrategyImpl">
        <property name="prefix" value="BAK" />
        <property name="cipers" value="17" />
        <property name="fillChar" value="0" />
    </bean> 
    <!-- 백업작업 ID -->

    <!--  백업결과 ID -->
    <bean name="egovBackupResultIdGnrService"
        class="cmmn.idgnr.impl.TableIdGnrServiceImpl"
        destroy-method="destroy">
        <property name="dataSource" ref="mountain.dataSource" />
        <property name="strategy"   ref="backupResultIdStrategy" />
        <property name="blockSize"  value="10"/>
        <property name="table"      value="COMTECOPSEQ"/>
        <property name="tableName"  value="BACKUP_RESULT_ID"/>
    </bean>
    <bean name="backupResultIdStrategy"
        class="cmmn.idgnr.impl.strategy.IdGnrStrategyImpl">
        <property name="prefix" value="BRT" />
        <property name="cipers" value="17" />
        <property name="fillChar" value="0" />
    </bean> 
    <!-- 백업결과 ID -->

    <!--  서버자원 모니터링 Log ID -->
    <bean name="egovServerResrceMntrngLogIdGnrService"
        class="cmmn.idgnr.impl.TableIdGnrServiceImpl"
        destroy-method="destroy">
        <property name="dataSource" ref="mountain.dataSource" />
        <property name="strategy"   ref="ServerResrceMntrngLogIdStrategy" />
        <property name="blockSize"  value="10"/>
        <property name="table"      value="COMTECOPSEQ"/>
        <property name="tableName"  value="SVCRESMONTLOG_ID"/>
    </bean>

    <bean name="ServerResrceMntrngLogIdStrategy"
        class="cmmn.idgnr.impl.strategy.IdGnrStrategyImpl">
        <property name="prefix" value="LOG_" />
        <property name="cipers" value="16" />
        <property name="fillChar" value="0" />
    </bean> 
    <!--  서버자원 모니터링 ID -->
    
    <!-- HttpMon... START-->            
    <bean name="egovHttpManageIdGnrService"
        class="cmmn.idgnr.impl.TableIdGnrServiceImpl"
        destroy-method="destroy">
        <property name="dataSource" ref="mountain.dataSource" />
        <property name="strategy"   ref="httpManageStrategy" />
        <property name="blockSize"  value="10"/>
        <property name="table"      value="COMTECOPSEQ"/>
        <property name="tableName"  value="HTTP_ID"/>
    </bean>

    <bean name="httpManageStrategy"
        class="cmmn.idgnr.impl.strategy.IdGnrStrategyImpl">
        <property name="prefix" value="HTTP_" />
        <property name="cipers" value="15" />
        <property name="fillChar" value="0" />
    </bean>     
    <!-- HttpMon... END-->
    
    <!-- HttpMonLog... START-->         
    <bean name="egovHttpLogManageIdGnrService"
        class="cmmn.idgnr.impl.TableIdGnrServiceImpl"
        destroy-method="destroy">
        <property name="dataSource" ref="mountain.dataSource" />
        <property name="strategy"   ref="httLManageStrategy" />
        <property name="blockSize"  value="10"/>
        <property name="table"      value="COMTECOPSEQ"/>
        <property name="tableName"  value="HTTL_ID"/>
    </bean>

    <bean name="httLManageStrategy"
        class="cmmn.idgnr.impl.strategy.IdGnrStrategyImpl">
        <property name="prefix" value="HTTL_" />
        <property name="cipers" value="15" />
        <property name="fillChar" value="0" />
    </bean>     
    <!-- HttpMonLog... END-->   
    
    <!-- ProcessMon... START-->         
    <bean name="egovProcessMonIdGnrService"
        class="cmmn.idgnr.impl.TableIdGnrServiceImpl"
        destroy-method="destroy">
        <property name="dataSource" ref="mountain.dataSource" />
        <property name="strategy"   ref="procManageStrategy" />
        <property name="blockSize"  value="10"/>
        <property name="table"      value="COMTECOPSEQ"/>
        <property name="tableName"  value="PROC_ID"/>
    </bean>

    <bean name="procManageStrategy"
        class="cmmn.idgnr.impl.strategy.IdGnrStrategyImpl">
        <property name="prefix" value="PROC_" />
        <property name="cipers" value="15" />
        <property name="fillChar" value="0" />
    </bean>     
    <!-- ProcessMon... END-->
    
    <!-- ProcessMonLog... START-->          
    <bean name="egovProcessMonLogIdGnrService"
        class="cmmn.idgnr.impl.TableIdGnrServiceImpl"
        destroy-method="destroy">
        <property name="dataSource" ref="mountain.dataSource" />
        <property name="strategy"   ref="prolManageStrategy" />
        <property name="blockSize"  value="10"/>
        <property name="table"      value="COMTECOPSEQ"/>
        <property name="tableName"  value="PROL_ID"/>
    </bean>

    <bean name="prolManageStrategy"
        class="cmmn.idgnr.impl.strategy.IdGnrStrategyImpl">
        <property name="prefix" value="PROL_" />
        <property name="cipers" value="15" />
        <property name="fillChar" value="0" />
    </bean>     
    <!-- ProcessMonLog... END-->      
</beans>
