<?xml version="1.0" encoding="UTF-8"?>
<beans xmlns="http://www.springframework.org/schema/beans"
	xmlns:xsi="http://www.w3.org/2001/XMLSchema-instance"
	xmlns:camel="http://camel.apache.org/schema/spring"
	xmlns:cxf="http://camel.apache.org/schema/cxf"
	xsi:schemaLocation="
    http://www.springframework.org/schema/beans http://www.springframework.org/schema/beans/spring-beans.xsd
    http://camel.apache.org/schema/spring http://camel.apache.org/schema/spring/camel-spring.xsd
    http://camel.apache.org/schema/cxf http://camel.apache.org/schema/cxf/camel-cxf.xsd">


	<!-- 웹 서비스와 웹 URL 지정 -->
	<cxf:cxfEndpoint id="PaymentServiceEndpoint"
		serviceClass="com.jaxws.payment.service.Payment" address="http://localhost:9090/paymentService" />

	<!-- 서비스 빈 -->
	<bean id="paymentService" class="com.jaxws.payment.service.PaymentImpl" />

	<!-- 카멜 라우팅 정의 -->
	<camelContext xmlns="http://camel.apache.org/schema/spring">
		<!-- 이체 서비스 예외를 SOAP fault message로 지정 -->
		<route handleFault="true">
			<!-- 이체 웹 서비스 인터페이스 엔드포인트 -->
			<from uri="cxf:bean:PaymentServiceEndpoint" />
			<!-- 이체 서비스 구현 엔드포인트 -->
			<to uri="bean:paymentService" />
		</route>
	</camelContext>

</beans>