<?xml version="1.0" encoding="UTF-8"?>
<!DOCTYPE sqlMap PUBLIC "-//iBATIS.com//DTD SQL Map 2.0//EN" "http://www.ibatis.com/dtd/sql-map-2.dtd">

<sqlMap namespace="ConectStats">

	<typeAlias  alias="mountainMap" type="cmmn.dataaccess.util.MyMap"/>
	<typeAlias  alias="statsVO" type="mountain.let.sts.com.StatsVO"/>
	
	<!-- 접속통계 조회 -->
	<select id="ConectStatsDAO.selectConectStats" parameterClass="statsVO" resultClass="statsVO">
		<!-- 서비스별 통계 -->
		<isEqual property="statsKind" compareValue="SERVICE">
			SELECT METHOD_NM AS conectMethod
			     , IFNULL(SUM(CREAT_CO),0) AS creatCo
			     , IFNULL(SUM(UPDT_CO),0) AS updtCo
			     , IFNULL(SUM(RDCNT),0) AS inqireCo
			     , IFNULL(SUM(DELETE_CO),0) AS deleteCo
			     , IFNULL(SUM(OUTPT_CO),0) AS outptCo
			     , IFNULL(SUM(ERROR_CO),0) AS errorCo
			     <!-- 기간검색(년) -->
				 <isEqual property="pdKind" compareValue="Y">
			     , SUBSTR(OCCRRNC_DE, 1, 4) AS statsDate
			     </isEqual>
			     <!-- 기간검색(월) -->
			     <isEqual property="pdKind" compareValue="M">
			     , CONCAT(CONCAT(SUBSTR(OCCRRNC_DE, 1, 4), '-'), SUBSTR(OCCRRNC_DE, 5, 2)) AS statsDate
			     </isEqual>
			     <!-- 기간검색(일) -->
			     <isEqual property="pdKind" compareValue="D">
			     , CONCAT(CONCAT(CONCAT(CONCAT(SUBSTR(OCCRRNC_DE, 1, 4), '-'), SUBSTR(OCCRRNC_DE, 5, 2)), '-'), SUBSTR(OCCRRNC_DE, 7, 2)) AS statsDate
			     </isEqual>
			     , 0 AS statsCo
			  FROM LETTSSYSLOGSUMMARY
		 	 WHERE OCCRRNC_DE BETWEEN #fromDate# AND #toDate#  
		 	   <isNotEmpty property="detailStatsKind">
		 	   AND SRVC_NM LIKE CONCAT(CONCAT('%',#detailStatsKind#),'%')
		 	   </isNotEmpty>
		 	 GROUP BY conectMethod, statsDate, statsCo
		 	 ORDER BY statsDate
		</isEqual>
		
		<!-- 개인별 통계 -->
		<isEqual property="statsKind" compareValue="PRSONAL">
			SELECT COUNT(CONECT_ID) AS statsCo
			     <!-- 기간검색(년) -->
				 <isEqual property="pdKind" compareValue="Y">
			     , SUBSTR(DATE_FORMAT(CREAT_DT, '%Y%m%d'), 1, 4) AS statsDate
			     </isEqual>
			     <!-- 기간검색(월) -->
			     <isEqual property="pdKind" compareValue="M">
			     , CONCAT(CONCAT(SUBSTR(DATE_FORMAT(CREAT_DT, '%Y%m%d'), 1, 4), '-'), SUBSTR(DATE_FORMAT(CREAT_DT, '%Y%m%d'), 5, 2)) AS statsDate
			     </isEqual>
			     <!-- 기간검색(일) -->
			     <isEqual property="pdKind" compareValue="D">
			     , CONCAT(CONCAT(CONCAT(CONCAT(SUBSTR(DATE_FORMAT(CREAT_DT, '%Y%m%d'), 1, 4), '-'), SUBSTR(DATE_FORMAT(CREAT_DT, '%Y%m%d'), 5, 2)), '-'), SUBSTR(DATE_FORMAT(CREAT_DT, '%Y%m%d'), 7, 2)) AS statsDate
			     </isEqual>
			     , '' AS conectMethod
			     , 0 AS creatCo
			     , 0 AS updtCo
			     , 0 AS inqireCo
			     , 0 AS deleteCo
			     , 0 AS outptCo
			     , 0 AS errorCo
			  FROM LETTNLOGINLOG
		 	 WHERE 1=1
		 	   <isNotEqual property="detailStatsKind" compareValue="">
		 	   AND CONECT_ID = #detailStatsKind#
		 	   </isNotEqual>
			   <!-- 시작일자~종료일자 기간제한 -->
			   AND DATE_FORMAT(CREAT_DT, '%Y%m%d') BETWEEN #fromDate# AND #toDate#
			 GROUP BY statsDate, conectMethod, creatCo, updtCo, inqireCo, deleteCo, outptCo, errorCo
			 ORDER BY statsDate
		</isEqual>
	</select>
	
</sqlMap>
